GRvalue,agent,cell_count,cell_count__ctrl,cell_count__time0,cell_line,concentration,timepoint,center
0.95197,Alpelisib,14424.0,15647.25,1536.0,MCF10A-GM (Broad),0.0010058,,Center 2
0.99979,Alpelisib,15641.75,15647.25,1536.0,MCF10A-GM (Broad),0.0031783,,Center 2
0.98382,Alpelisib,15227.25,15647.25,1536.0,MCF10A-GM (Broad),0.010043,,Center 2
0.95991,Alpelisib,14621.5,15647.25,1536.0,MCF10A-GM (Broad),0.031737,,Center 2
0.90623,Alpelisib,13323.0,15647.25,1536.0,MCF10A-GM (Broad),0.10029,,Center 2
0.9046,Alpelisib,13285.0,15647.25,1536.0,MCF10A-GM (Broad),0.31691,,Center 2
0.8402700000000001,Alpelisib,11841.0,15647.25,1536.0,MCF10A-GM (Broad),1.0014,,Center 2
0.7513,Alpelisib,10030.5,15647.25,1536.0,MCF10A-GM (Broad),3.1646,,Center 2
0.46293,Alpelisib,5491.25,15647.25,1536.0,MCF10A-GM (Broad),10.0,,Center 2
0.95698,Dasatinib,14548.5,15647.25,1536.0,MCF10A-GM (Broad),0.0010058,,Center 2
0.97082,Dasatinib,14895.75,15647.25,1536.0,MCF10A-GM (Broad),0.0031783,,Center 2
0.8942700000000001,Dasatinib,13045.25,15647.25,1536.0,MCF10A-GM (Broad),0.010043,,Center 2
0.81245,Dasatinib,11252.25,15647.25,1536.0,MCF10A-GM (Broad),0.031737,,Center 2
0.59406,Dasatinib,7320.0,15647.25,1536.0,MCF10A-GM (Broad),0.10029,,Center 2
0.35448,Dasatinib,4242.75,15647.25,1536.0,MCF10A-GM (Broad),0.31691,,Center 2
0.26215,Dasatinib,3349.5,15647.25,1536.0,MCF10A-GM (Broad),1.0014,,Center 2
0.043078,Dasatinib,1769.0,15647.25,1536.0,MCF10A-GM (Broad),3.1646,,Center 2
-0.08795399999999999,Dasatinib,1128.5,15647.25,1536.0,MCF10A-GM (Broad),10.0,,Center 2
1.0188,Etoposide,16146.5,15647.25,1536.0,MCF10A-GM (Broad),0.0010058,,Center 2
1.009,Etoposide,15885.25,15647.25,1536.0,MCF10A-GM (Broad),0.0031783,,Center 2
0.9954,Etoposide,15527.0,15647.25,1536.0,MCF10A-GM (Broad),0.010043,,Center 2
0.92406,Etoposide,13745.0,15647.25,1536.0,MCF10A-GM (Broad),0.031737,,Center 2
0.76895,Etoposide,10373.0,15647.25,1536.0,MCF10A-GM (Broad),0.10029,,Center 2
0.47682,Etoposide,5667.75,15647.25,1536.0,MCF10A-GM (Broad),0.31691,,Center 2
0.33659,Etoposide,4058.0,15647.25,1536.0,MCF10A-GM (Broad),1.0014,,Center 2
0.21916,Etoposide,2982.5,15647.25,1536.0,MCF10A-GM (Broad),3.1646,,Center 2
0.039941,Etoposide,1751.25,15647.25,1536.0,MCF10A-GM (Broad),10.0,,Center 2
1.0179,Neratinib,16122.25,15647.25,1536.0,MCF10A-GM (Broad),0.00031783,,Center 2
0.99713,Neratinib,15572.25,15647.25,1536.0,MCF10A-GM (Broad),0.0010043,,Center 2
1.0017,Neratinib,15691.0,15647.25,1536.0,MCF10A-GM (Broad),0.0031737,,Center 2
1.0087,Neratinib,15876.0,15647.25,1536.0,MCF10A-GM (Broad),0.010029,,Center 2
0.8600700000000001,Neratinib,12273.0,15647.25,1536.0,MCF10A-GM (Broad),0.031691000000000004,,Center 2
0.63059,Neratinib,7897.0,15647.25,1536.0,MCF10A-GM (Broad),0.10014,,Center 2
0.39398,Neratinib,4671.5,15647.25,1536.0,MCF10A-GM (Broad),0.31646,,Center 2
0.17472,Neratinib,2633.75,15647.25,1536.0,MCF10A-GM (Broad),1.0,,Center 2
0.15713,Neratinib,2504.0,15647.25,1536.0,MCF10A-GM (Broad),3.16,,Center 2
0.98452,Paclitaxel,15245.25,15647.25,1536.0,MCF10A-GM (Broad),0.00010058,,Center 2
0.99095,Paclitaxel,15411.5,15647.25,1536.0,MCF10A-GM (Broad),0.00031783,,Center 2
0.91159,Paclitaxel,13449.0,15647.25,1536.0,MCF10A-GM (Broad),0.0010043,,Center 2
0.57917,Paclitaxel,7093.5,15647.25,1536.0,MCF10A-GM (Broad),0.0031737,,Center 2
0.090303,Paclitaxel,2051.75,15647.25,1536.0,MCF10A-GM (Broad),0.010029,,Center 2
-0.24092,Paclitaxel,610.25,15647.25,1536.0,MCF10A-GM (Broad),0.031691000000000004,,Center 2
-0.33681,Paclitaxel,388.25,15647.25,1536.0,MCF10A-GM (Broad),0.10014,,Center 2
-0.36132,Paclitaxel,342.25,15647.25,1536.0,MCF10A-GM (Broad),0.31646,,Center 2
-0.35745,Paclitaxel,349.25,15647.25,1536.0,MCF10A-GM (Broad),1.0,,Center 2
0.99006,Palbociclib,15388.25,15647.25,1536.0,MCF10A-GM (Broad),0.00031783,,Center 2
0.99986,Palbociclib,15643.5,15647.25,1536.0,MCF10A-GM (Broad),0.0010043,,Center 2
0.9838,Palbociclib,15226.75,15647.25,1536.0,MCF10A-GM (Broad),0.0031737,,Center 2
1.0059,Palbociclib,15802.25,15647.25,1536.0,MCF10A-GM (Broad),0.010029,,Center 2
0.99029,Palbociclib,15394.25,15647.25,1536.0,MCF10A-GM (Broad),0.031691000000000004,,Center 2
0.91271,Palbociclib,13475.25,15647.25,1536.0,MCF10A-GM (Broad),0.10014,,Center 2
0.8282799999999999,Palbociclib,11584.75,15647.25,1536.0,MCF10A-GM (Broad),0.31646,,Center 2
0.7428600000000001,Palbociclib,9869.5,15647.25,1536.0,MCF10A-GM (Broad),1.0,,Center 2
0.56709,Palbociclib,6913.5,15647.25,1536.0,MCF10A-GM (Broad),3.16,,Center 2
0.8742200000000001,Trametinib,12588.5,15647.25,1536.0,MCF10A-GM (Broad),0.00010058,,Center 2
0.7207100000000001,Trametinib,9455.75,15647.25,1536.0,MCF10A-GM (Broad),0.00031783,,Center 2
0.5130399999999999,Trametinib,6146.75,15647.25,1536.0,MCF10A-GM (Broad),0.0010043,,Center 2
0.35894000000000004,Trametinib,4289.75,15647.25,1536.0,MCF10A-GM (Broad),0.0031737,,Center 2
0.24628000000000005,Trametinib,3210.5,15647.25,1536.0,MCF10A-GM (Broad),0.010029,,Center 2
0.22135,Trametinib,3024.5,16085.5,1536.0,MCF10A-GM (Broad),0.031691000000000004,,Center 2
0.2322,Trametinib,3116.5,16085.5,1536.0,MCF10A-GM (Broad),0.10014,,Center 2
0.20715,Trametinib,2907.0,16085.5,1536.0,MCF10A-GM (Broad),0.31646,,Center 2
0.22692,Trametinib,3071.5,16085.5,1536.0,MCF10A-GM (Broad),1.0,,Center 2
1.0042,Vorinostat,15756.5,15647.25,1536.0,MCF10A-GM (Broad),0.0010058,,Center 2
1.0263,Vorinostat,16346.75,15647.25,1536.0,MCF10A-GM (Broad),0.0031783,,Center 2
1.0194,Vorinostat,16162.5,15647.25,1536.0,MCF10A-GM (Broad),0.010043,,Center 2
1.0476,Vorinostat,16930.25,15647.25,1536.0,MCF10A-GM (Broad),0.031737,,Center 2
1.0313,Vorinostat,16481.25,15647.25,1536.0,MCF10A-GM (Broad),0.10029,,Center 2
0.99462,Vorinostat,15506.75,15647.25,1536.0,MCF10A-GM (Broad),0.31691,,Center 2
0.70308,Vorinostat,9135.25,15647.25,1536.0,MCF10A-GM (Broad),1.0014,,Center 2
0.245,Vorinostat,3199.5,15647.25,1536.0,MCF10A-GM (Broad),3.1646,,Center 2
0.07608200000000001,Vorinostat,1963.5,15647.25,1536.0,MCF10A-GM (Broad),10.0,,Center 2
0.99283,Alpelisib,58510.0,59210.0,5970.0,MCF10A-GM (DToxS),0.001,,Center 3
1.0221,Alpelisib,61400.3333,59210.0,5970.0,MCF10A-GM (DToxS),0.00316,,Center 3
1.0211,Alpelisib,61304.6667,59210.0,5970.0,MCF10A-GM (DToxS),0.01,,Center 3
0.99611,Alpelisib,58830.0,59210.0,5970.0,MCF10A-GM (DToxS),0.0316,,Center 3
1.0046,Alpelisib,59664.0,59210.0,5970.0,MCF10A-GM (DToxS),0.1,,Center 3
0.96658,Alpelisib,55997.3333,59210.0,5970.0,MCF10A-GM (DToxS),0.316,,Center 3
0.8762700000000001,Alpelisib,47928.3333,59210.0,5970.0,MCF10A-GM (DToxS),1.0,,Center 3
0.81091,Alpelisib,42621.0,59210.0,5970.0,MCF10A-GM (DToxS),3.16,,Center 3
0.56557,Alpelisib,26323.6667,59210.0,5970.0,MCF10A-GM (DToxS),10.0,,Center 3
0.99202,Dasatinib,56833.6667,57581.3333,5970.0,MCF10A-GM (DToxS),0.001,,Center 3
0.94601,Dasatinib,52653.0,57581.3333,5970.0,MCF10A-GM (DToxS),0.00316,,Center 3
0.91862,Dasatinib,50268.0,57581.3333,5970.0,MCF10A-GM (DToxS),0.01,,Center 3
0.81452,Dasatinib,41886.3333,57581.3333,5970.0,MCF10A-GM (DToxS),0.0316,,Center 3
0.41557,Dasatinib,18599.0,57581.3333,5970.0,MCF10A-GM (DToxS),0.1,,Center 3
0.24714,Dasatinib,12291.3333,57581.3333,5970.0,MCF10A-GM (DToxS),0.316,,Center 3
0.33036,Dasatinib,15182.0,57581.3333,5970.0,MCF10A-GM (DToxS),1.0,,Center 3
0.13415,Dasatinib,9010.3333,57581.3333,5970.0,MCF10A-GM (DToxS),3.16,,Center 3
0.16185,Dasatinib,9750.0,57581.3333,5970.0,MCF10A-GM (DToxS),10.0,,Center 3
0.99025,Etoposide,50374.6667,51143.0,5970.0,MCF10A-GM (DToxS),0.001,,Center 3
1.0258,Etoposide,53215.3333,51143.0,5970.0,MCF10A-GM (DToxS),0.00316,,Center 3
1.0011,Etoposide,51227.0,51143.0,5970.0,MCF10A-GM (DToxS),0.01,,Center 3
0.9624,Etoposide,48221.6667,51143.0,5970.0,MCF10A-GM (DToxS),0.0316,,Center 3
0.79157,Etoposide,36364.3333,51143.0,5970.0,MCF10A-GM (DToxS),0.1,,Center 3
0.5697,Etoposide,24141.0,51143.0,5970.0,MCF10A-GM (DToxS),0.316,,Center 3
0.25399,Etoposide,12038.3333,51143.0,5970.0,MCF10A-GM (DToxS),1.0,,Center 3
0.25597,Etoposide,12097.3333,51143.0,5970.0,MCF10A-GM (DToxS),3.16,,Center 3
0.099829,Etoposide,8017.3333,51143.0,5970.0,MCF10A-GM (DToxS),10.0,,Center 3
1.0438,Neratinib,61482.3333,57282.6667,5970.0,MCF10A-GM (DToxS),0.00032,,Center 3
1.0789,Neratinib,64990.0,57282.6667,5970.0,MCF10A-GM (DToxS),0.001,,Center 3
1.0673,Neratinib,63818.3333,57282.6667,5970.0,MCF10A-GM (DToxS),0.0032,,Center 3
1.0718,Neratinib,64272.6667,57282.6667,5970.0,MCF10A-GM (DToxS),0.01,,Center 3
0.8633200000000001,Neratinib,45470.6667,57282.6667,5970.0,MCF10A-GM (DToxS),0.032,,Center 3
0.40717,Neratinib,18193.6667,57282.6667,5970.0,MCF10A-GM (DToxS),0.1,,Center 3
0.1093,Neratinib,8374.0,57282.6667,5970.0,MCF10A-GM (DToxS),0.32,,Center 3
0.03365,Neratinib,6650.6667,57282.6667,5970.0,MCF10A-GM (DToxS),1.0,,Center 3
0.091445,Neratinib,7942.3333,57282.6667,5970.0,MCF10A-GM (DToxS),3.2,,Center 3
1.0386,Paclitaxel,60600.6667,56946.0,5970.0,MCF10A-GM (DToxS),3.2e-05,,Center 3
1.0917,Paclitaxel,65886.3333,56946.0,5970.0,MCF10A-GM (DToxS),0.0001,,Center 3
1.1054,Paclitaxel,67303.6667,56946.0,5970.0,MCF10A-GM (DToxS),0.00032,,Center 3
1.0386,Paclitaxel,60596.0,56946.0,5970.0,MCF10A-GM (DToxS),0.001,,Center 3
0.43435,Paclitaxel,19306.3333,56946.0,5970.0,MCF10A-GM (DToxS),0.0032,,Center 3
0.1323,Paclitaxel,8944.3333,56946.0,5970.0,MCF10A-GM (DToxS),0.01,,Center 3
0.0091376,Paclitaxel,6149.3333,56946.0,5970.0,MCF10A-GM (DToxS),0.032,,Center 3
0.12704,Paclitaxel,8810.0,56946.0,5970.0,MCF10A-GM (DToxS),0.1,,Center 3
0.066161,Paclitaxel,7353.6667,56946.0,5970.0,MCF10A-GM (DToxS),0.32,,Center 3
1.0513,Palbociclib,62014.0,57104.6667,5970.0,MCF10A-GM (DToxS),0.001,,Center 3
1.0262,Palbociclib,59581.6667,57104.6667,5970.0,MCF10A-GM (DToxS),0.0036,,Center 3
1.0305,Palbociclib,59993.3333,57104.6667,5970.0,MCF10A-GM (DToxS),0.01,,Center 3
1.0192,Palbociclib,58913.0,57104.6667,5970.0,MCF10A-GM (DToxS),0.0316,,Center 3
0.96689,Palbociclib,54082.3333,57104.6667,5970.0,MCF10A-GM (DToxS),0.1,,Center 3
0.68981,Palbociclib,32978.3333,57104.6667,5970.0,MCF10A-GM (DToxS),0.316,,Center 3
0.76263,Palbociclib,37837.0,57104.6667,5970.0,MCF10A-GM (DToxS),1.0,,Center 3
0.5424800000000001,Palbociclib,24499.3333,57104.6667,5970.0,MCF10A-GM (DToxS),3.16,,Center 3
0.34856,Palbociclib,15815.0,57104.6667,5970.0,MCF10A-GM (DToxS),10.0,,Center 3
1.0173,Trametinib,59145.0,57500.6667,5970.0,MCF10A-GM (DToxS),0.0001,,Center 3
1.0024,Trametinib,57731.0,57500.6667,5970.0,MCF10A-GM (DToxS),0.00036,,Center 3
0.89476,Trametinib,48190.3333,57500.6667,5970.0,MCF10A-GM (DToxS),0.001,,Center 3
0.65969,Trametinib,31259.0,57500.6667,5970.0,MCF10A-GM (DToxS),0.0036,,Center 3
0.33798,Trametinib,15459.0,57500.6667,5970.0,MCF10A-GM (DToxS),0.01,,Center 3
0.14201,Trametinib,9213.6667,57500.6667,5970.0,MCF10A-GM (DToxS),0.0316,,Center 3
0.18748,Trametinib,10467.3333,57500.6667,5970.0,MCF10A-GM (DToxS),0.1,,Center 3
0.052537,Trametinib,7057.3333,57500.6667,5970.0,MCF10A-GM (DToxS),0.316,,Center 3
0.10744,Trametinib,8333.0,57500.6667,5970.0,MCF10A-GM (DToxS),1.0,,Center 3
1.0174,Vorinostat,55748.3333,54234.3333,5970.0,MCF10A-GM (DToxS),0.001,,Center 3
1.0294,Vorinostat,56811.0,54234.3333,5970.0,MCF10A-GM (DToxS),0.00316,,Center 3
0.9898,Vorinostat,53358.3333,54234.3333,5970.0,MCF10A-GM (DToxS),0.01,,Center 3
1.0303,Vorinostat,56892.3333,54234.3333,5970.0,MCF10A-GM (DToxS),0.0316,,Center 3
0.98355,Vorinostat,52827.3333,54234.3333,5970.0,MCF10A-GM (DToxS),0.1,,Center 3
0.91479,Vorinostat,47215.3333,54234.3333,5970.0,MCF10A-GM (DToxS),0.316,,Center 3
0.67696,Vorinostat,30954.0,54234.3333,5970.0,MCF10A-GM (DToxS),1.0,,Center 3
0.24266,Vorinostat,11921.6667,54234.3333,5970.0,MCF10A-GM (DToxS),3.16,,Center 3
0.053246,Vorinostat,7042.0,54234.3333,5970.0,MCF10A-GM (DToxS),10.0,,Center 3
1.0068,Alpelisib,22054.25,21738.0,1140.0,MCF10A-GM (DToxS),0.001,,Center 3
1.005,Alpelisib,21968.0,21738.0,1140.0,MCF10A-GM (DToxS),0.00316,,Center 3
1.0019,Alpelisib,21824.4167,21738.0,1140.0,MCF10A-GM (DToxS),0.01,,Center 3
0.98489,Alpelisib,21048.0,21738.0,1140.0,MCF10A-GM (DToxS),0.0316,,Center 3
0.97883,Alpelisib,20776.1667,21738.0,1140.0,MCF10A-GM (DToxS),0.1,,Center 3
0.9441,Alpelisib,19269.0833,21738.0,1140.0,MCF10A-GM (DToxS),0.316,,Center 3
0.91996,Alpelisib,18271.5833,21738.0,1140.0,MCF10A-GM (DToxS),1.0,,Center 3
0.82785,Alpelisib,14824.0,21738.0,1140.0,MCF10A-GM (DToxS),3.16,,Center 3
0.65008,Alpelisib,9593.5833,21738.0,1140.0,MCF10A-GM (DToxS),10.0,,Center 3
0.99858,Dasatinib,21672.25,21738.0,1140.0,MCF10A-GM (DToxS),0.001,,Center 3
0.97219,Dasatinib,20481.3333,21738.0,1140.0,MCF10A-GM (DToxS),0.00316,,Center 3
0.91618,Dasatinib,18119.1667,21738.0,1140.0,MCF10A-GM (DToxS),0.01,,Center 3
0.81658,Dasatinib,14439.0833,21738.0,1140.0,MCF10A-GM (DToxS),0.0316,,Center 3
0.51441,Dasatinib,6660.5,21738.0,1140.0,MCF10A-GM (DToxS),0.1,,Center 3
0.31681,Dasatinib,3674.9167,21738.0,1140.0,MCF10A-GM (DToxS),0.316,,Center 3
0.22294,Dasatinib,2683.1667,21738.0,1140.0,MCF10A-GM (DToxS),1.0,,Center 3
0.05808500000000001,Dasatinib,1449.4167,21738.0,1140.0,MCF10A-GM (DToxS),3.16,,Center 3
0.19897,Dasatinib,2466.5,21738.0,1140.0,MCF10A-GM (DToxS),10.0,,Center 3
0.98749,Etoposide,21165.6667,21738.0,1140.0,MCF10A-GM (DToxS),0.001,,Center 3
0.98588,Etoposide,21092.8333,21738.0,1140.0,MCF10A-GM (DToxS),0.00316,,Center 3
0.97259,Etoposide,20498.6667,21738.0,1140.0,MCF10A-GM (DToxS),0.01,,Center 3
0.92297,Etoposide,18393.6667,21738.0,1140.0,MCF10A-GM (DToxS),0.0316,,Center 3
0.7923399999999999,Etoposide,13637.25,21738.0,1140.0,MCF10A-GM (DToxS),0.1,,Center 3
0.52922,Etoposide,6941.9167,21738.0,1140.0,MCF10A-GM (DToxS),0.316,,Center 3
0.17916,Etoposide,2297.8333,21738.0,1140.0,MCF10A-GM (DToxS),1.0,,Center 3
0.12724000000000002,Etoposide,1897.3333,21738.0,1140.0,MCF10A-GM (DToxS),3.16,,Center 3
0.28708,Etoposide,3334.75,21738.0,1140.0,MCF10A-GM (DToxS),10.0,,Center 3
1.0086,Neratinib,22138.5,21738.0,1140.0,MCF10A-GM (DToxS),0.00032,,Center 3
1.0079,Neratinib,22103.6667,21738.0,1140.0,MCF10A-GM (DToxS),0.001,,Center 3
1.0054,Neratinib,21990.9167,21738.0,1140.0,MCF10A-GM (DToxS),0.0032,,Center 3
0.98769,Neratinib,21174.6667,21738.0,1140.0,MCF10A-GM (DToxS),0.01,,Center 3
0.8310700000000001,Neratinib,14935.3333,21738.0,1140.0,MCF10A-GM (DToxS),0.032,,Center 3
0.46205,Neratinib,5734.6667,21738.0,1140.0,MCF10A-GM (DToxS),0.1,,Center 3
0.17959,Neratinib,2301.3333,21738.0,1140.0,MCF10A-GM (DToxS),0.32,,Center 3
0.13138,Neratinib,1927.0833,21738.0,1140.0,MCF10A-GM (DToxS),1.0,,Center 3
0.2656,Neratinib,3104.4167,21738.0,1140.0,MCF10A-GM (DToxS),3.2,,Center 3
1.0017,Paclitaxel,21815.25,21738.0,1140.0,MCF10A-GM (DToxS),3.2e-05,,Center 3
1.0043,Paclitaxel,21938.0,21738.0,1140.0,MCF10A-GM (DToxS),0.0001,,Center 3
1.0029,Paclitaxel,21873.8333,21738.0,1140.0,MCF10A-GM (DToxS),0.00032,,Center 3
0.97918,Paclitaxel,20791.5,21738.0,1140.0,MCF10A-GM (DToxS),0.001,,Center 3
0.74802,Paclitaxel,12259.8333,21738.0,1140.0,MCF10A-GM (DToxS),0.0032,,Center 3
0.19134,Paclitaxel,2400.4167,21738.0,1140.0,MCF10A-GM (DToxS),0.01,,Center 3
0.038858,Paclitaxel,1340.6667,21738.0,1140.0,MCF10A-GM (DToxS),0.032,,Center 3
0.011571,Paclitaxel,1197.1667,21738.0,1140.0,MCF10A-GM (DToxS),0.1,,Center 3
0.20482,Paclitaxel,2518.0833,21738.0,1140.0,MCF10A-GM (DToxS),0.32,,Center 3
1.0044,Palbociclib,21942.0833,21738.0,1140.0,MCF10A-GM (DToxS),0.001,,Center 3
1.0036,Palbociclib,21902.6667,21738.0,1140.0,MCF10A-GM (DToxS),0.0036,,Center 3
0.99717,Palbociclib,21607.6667,21738.0,1140.0,MCF10A-GM (DToxS),0.01,,Center 3
0.9824,Palbociclib,20936.0833,21738.0,1140.0,MCF10A-GM (DToxS),0.0316,,Center 3
0.94183,Palbociclib,19173.3333,21738.0,1140.0,MCF10A-GM (DToxS),0.1,,Center 3
0.84667,Palbociclib,15484.1667,21738.0,1140.0,MCF10A-GM (DToxS),0.316,,Center 3
0.64795,Palbociclib,9540.9167,21738.0,1140.0,MCF10A-GM (DToxS),1.0,,Center 3
0.5160100000000001,Palbociclib,6690.3333,21738.0,1140.0,MCF10A-GM (DToxS),3.16,,Center 3
0.48563,Palbociclib,6138.4167,21738.0,1140.0,MCF10A-GM (DToxS),10.0,,Center 3
0.98696,Trametinib,21141.6667,21738.0,1140.0,MCF10A-GM (DToxS),0.0001,,Center 3
0.96,Trametinib,19948.3333,21738.0,1140.0,MCF10A-GM (DToxS),0.00036,,Center 3
0.82281,Trametinib,14651.0,21738.0,1140.0,MCF10A-GM (DToxS),0.001,,Center 3
0.55312,Trametinib,7415.1667,21738.0,1140.0,MCF10A-GM (DToxS),0.0036,,Center 3
0.28663,Trametinib,3329.8333,21738.0,1140.0,MCF10A-GM (DToxS),0.01,,Center 3
0.16602999999999998,Trametinib,2190.9167,21738.0,1140.0,MCF10A-GM (DToxS),0.0316,,Center 3
0.16218,Trametinib,2160.3333,21738.0,1140.0,MCF10A-GM (DToxS),0.1,,Center 3
0.15667,Trametinib,2117.0833,21738.0,1140.0,MCF10A-GM (DToxS),0.316,,Center 3
0.29003,Trametinib,3367.4167,21738.0,1140.0,MCF10A-GM (DToxS),1.0,,Center 3
0.98531,Vorinostat,21066.8333,21738.0,1140.0,MCF10A-GM (DToxS),0.001,,Center 3
0.98789,Vorinostat,21183.5833,21738.0,1140.0,MCF10A-GM (DToxS),0.00316,,Center 3
0.985,Vorinostat,21052.9167,21738.0,1140.0,MCF10A-GM (DToxS),0.01,,Center 3
0.9857,Vorinostat,21084.75,21738.0,1140.0,MCF10A-GM (DToxS),0.0316,,Center 3
0.97417,Vorinostat,20568.6667,21738.0,1140.0,MCF10A-GM (DToxS),0.1,,Center 3
0.9152,Vorinostat,18079.6667,21738.0,1140.0,MCF10A-GM (DToxS),0.316,,Center 3
0.73593,Vorinostat,11903.1667,21738.0,1140.0,MCF10A-GM (DToxS),1.0,,Center 3
0.31091,Vorinostat,3605.4167,21738.0,1140.0,MCF10A-GM (DToxS),3.16,,Center 3
0.24479,Vorinostat,2893.0833,21738.0,1140.0,MCF10A-GM (DToxS),10.0,,Center 3
1.004,Alpelisib,18893.0,18740.0625,1044.0667,MCF10A-GM (HMS),0.0033333,,Center 1A
1.0149,Alpelisib,19324.75,18740.0625,1044.0667,MCF10A-GM (HMS),0.01,,Center 1A
0.99326,Alpelisib,18487.75,18740.0625,1044.0667,MCF10A-GM (HMS),0.031667,,Center 1A
0.96678,Alpelisib,17484.5,18740.0625,1044.0667,MCF10A-GM (HMS),0.1,,Center 1A
0.93874,Alpelisib,16471.0,18740.0625,1044.0667,MCF10A-GM (HMS),0.31623,,Center 1A
0.91631,Alpelisib,15690.25,18740.0625,1044.0667,MCF10A-GM (HMS),0.56234,,Center 1A
0.89815,Alpelisib,15083.0,18740.0625,1044.0667,MCF10A-GM (HMS),1.0,,Center 1A
0.83719,Alpelisib,13166.75,18740.0625,1044.0667,MCF10A-GM (HMS),1.7783,,Center 1A
0.8046399999999999,Alpelisib,12213.5,18740.0625,1044.0667,MCF10A-GM (HMS),3.1623,,Center 1A
0.7067899999999999,Alpelisib,9690.75,18740.0625,1044.0667,MCF10A-GM (HMS),5.6234,,Center 1A
0.57934,Alpelisib,7033.5,18740.0625,1044.0667,MCF10A-GM (HMS),10.0,,Center 1A
0.97543,Dasatinib,17801.75,18740.0625,1044.0667,MCF10A-GM (HMS),0.0010833,,Center 1A
0.94705,Dasatinib,16759.25,18740.0625,1044.0667,MCF10A-GM (HMS),0.0033333,,Center 1A
0.94041,Dasatinib,16528.75,18740.0625,1044.0667,MCF10A-GM (HMS),0.01,,Center 1A
0.8926299999999999,Dasatinib,14889.5,18740.0625,1044.0667,MCF10A-GM (HMS),0.018333,,Center 1A
0.8688100000000001,Dasatinib,14132.0,18740.0625,1044.0667,MCF10A-GM (HMS),0.031667,,Center 1A
0.8064899999999999,Dasatinib,12262.25,18740.0625,1044.0667,MCF10A-GM (HMS),0.056667,,Center 1A
0.69155,Dasatinib,9335.75,18740.0625,1044.0667,MCF10A-GM (HMS),0.1,,Center 1A
0.494,Dasatinib,5572.75,18740.0625,1044.0667,MCF10A-GM (HMS),0.17783,,Center 1A
0.38719,Dasatinib,4111.3333,18740.0625,1044.0667,MCF10A-GM (HMS),0.31623,,Center 1A
0.2759,Dasatinib,2886.25,18740.0625,1044.0667,MCF10A-GM (HMS),0.56234,,Center 1A
0.24682,Dasatinib,2621.75,18740.0625,1044.0667,MCF10A-GM (HMS),1.0,,Center 1A
0.11556,Dasatinib,1647.25,18740.0625,1044.0667,MCF10A-GM (HMS),1.7783,,Center 1A
0.004452,Dasatinib,1066.0,18740.0625,1044.0667,MCF10A-GM (HMS),3.1623,,Center 1A
-0.14837,Dasatinib,535.0,18740.0625,1044.0667,MCF10A-GM (HMS),10.0,,Center 1A
0.99683,Etoposide,18618.5,18740.0625,1044.0667,MCF10A-GM (HMS),0.0010833,,Center 1A
0.98324,Etoposide,18106.25,18740.0625,1044.0667,MCF10A-GM (HMS),0.0033333,,Center 1A
0.97758,Etoposide,17887.75,18740.0625,1044.0667,MCF10A-GM (HMS),0.01,,Center 1A
0.9763,Etoposide,17830.25,18740.0625,1044.0667,MCF10A-GM (HMS),0.018333,,Center 1A
0.93745,Etoposide,16422.5,18740.0625,1044.0667,MCF10A-GM (HMS),0.031667,,Center 1A
0.87461,Etoposide,14333.0,18740.0625,1044.0667,MCF10A-GM (HMS),0.056667,,Center 1A
0.80495,Etoposide,12230.5,18740.0625,1044.0667,MCF10A-GM (HMS),0.1,,Center 1A
0.67606,Etoposide,8983.25,18740.0625,1044.0667,MCF10A-GM (HMS),0.17783,,Center 1A
0.5724899999999999,Etoposide,6900.0,18740.0625,1044.0667,MCF10A-GM (HMS),0.31623,,Center 1A
0.35218,Etoposide,3676.25,18740.0625,1044.0667,MCF10A-GM (HMS),0.56234,,Center 1A
0.14042000000000002,Etoposide,1805.5,18740.0625,1044.0667,MCF10A-GM (HMS),1.0,,Center 1A
0.052156,Etoposide,1292.75,18740.0625,1044.0667,MCF10A-GM (HMS),1.7783,,Center 1A
0.038594,Etoposide,1224.5,18740.0625,1044.0667,MCF10A-GM (HMS),3.1623,,Center 1A
0.026591000000000004,Etoposide,1165.75,18740.0625,1044.0667,MCF10A-GM (HMS),10.0,,Center 1A
0.98712,Neratinib,18253.75,18740.0625,1044.0667,MCF10A-GM (HMS),0.00043333,,Center 1A
1.0019,Neratinib,18813.5,18740.0625,1044.0667,MCF10A-GM (HMS),0.0013333,,Center 1A
0.99849,Neratinib,18695.5,18740.0625,1044.0667,MCF10A-GM (HMS),0.0033333,,Center 1A
1.0054,Neratinib,18949.25,18740.0625,1044.0667,MCF10A-GM (HMS),0.0053333,,Center 1A
1.002,Neratinib,18814.25,18740.0625,1044.0667,MCF10A-GM (HMS),0.01,,Center 1A
0.9715,Neratinib,17648.25,18740.0625,1044.0667,MCF10A-GM (HMS),0.018000000000000002,,Center 1A
0.91713,Neratinib,15725.0,18740.0625,1044.0667,MCF10A-GM (HMS),0.031623000000000005,,Center 1A
0.78977,Neratinib,11834.25,18740.0625,1044.0667,MCF10A-GM (HMS),0.056234000000000006,,Center 1A
0.59177,Neratinib,7245.6667,18740.0625,1044.0667,MCF10A-GM (HMS),0.1,,Center 1A
0.4865,Neratinib,5464.75,18740.0625,1044.0667,MCF10A-GM (HMS),0.17783,,Center 1A
0.24035,Neratinib,2573.25,18740.0625,1044.0667,MCF10A-GM (HMS),0.31623,,Center 1A
0.1194,Neratinib,1674.75,18740.0625,1044.0667,MCF10A-GM (HMS),0.56234,,Center 1A
0.096021,Neratinib,1530.0,18740.0625,1044.0667,MCF10A-GM (HMS),1.0,,Center 1A
0.039116000000000005,Neratinib,1239.75,18740.0625,1044.0667,MCF10A-GM (HMS),3.1623,,Center 1A
1.0045,Paclitaxel,18913.0,18740.0625,1044.0667,MCF10A-GM (HMS),4.3333e-05,,Center 1A
1.0035,Paclitaxel,18876.0,18740.0625,1044.0667,MCF10A-GM (HMS),0.00013333,,Center 1A
0.99889,Paclitaxel,18705.75,18740.0625,1044.0667,MCF10A-GM (HMS),0.0002,,Center 1A
0.9811,Paclitaxel,18024.5,18740.0625,1044.0667,MCF10A-GM (HMS),0.00033333,,Center 1A
1.0111,Paclitaxel,19175.25,18740.0625,1044.0667,MCF10A-GM (HMS),0.00053333,,Center 1A
0.8929299999999999,Paclitaxel,14897.0,18740.0625,1044.0667,MCF10A-GM (HMS),0.001,,Center 1A
0.65771,Paclitaxel,8583.5,18740.0625,1044.0667,MCF10A-GM (HMS),0.0018,,Center 1A
0.22379,Paclitaxel,2427.8333,18740.0625,1044.0667,MCF10A-GM (HMS),0.0031623000000000003,,Center 1A
0.042409,Paclitaxel,1244.25,18740.0625,1044.0667,MCF10A-GM (HMS),0.0056234,,Center 1A
-0.1131,Paclitaxel,639.75,18740.0625,1044.0667,MCF10A-GM (HMS),0.01,,Center 1A
-0.19772,Paclitaxel,417.75,18740.0625,1044.0667,MCF10A-GM (HMS),0.017783,,Center 1A
-0.2231,Paclitaxel,368.25,18740.0625,1044.0667,MCF10A-GM (HMS),0.031623000000000005,,Center 1A
-0.30888000000000004,Paclitaxel,224.25,18740.0625,1044.0667,MCF10A-GM (HMS),0.1,,Center 1A
-0.32033,Paclitaxel,210.0,18740.0625,1044.0667,MCF10A-GM (HMS),0.31623,,Center 1A
0.99745,Palbociclib,18642.25,18740.0625,1044.0667,MCF10A-GM (HMS),0.0010833,,Center 1A
0.98492,Palbociclib,18161.5,18740.0625,1044.0667,MCF10A-GM (HMS),0.0033333,,Center 1A
0.99105,Palbociclib,18394.25,18740.0625,1044.0667,MCF10A-GM (HMS),0.01,,Center 1A
0.99326,Palbociclib,18478.5,18740.0625,1044.0667,MCF10A-GM (HMS),0.031667,,Center 1A
0.98077,Palbociclib,18025.25,18740.0625,1044.0667,MCF10A-GM (HMS),0.056667,,Center 1A
0.96027,Palbociclib,17250.75,18740.0625,1044.0667,MCF10A-GM (HMS),0.1,,Center 1A
0.95989,Palbociclib,17222.75,18740.0625,1044.0667,MCF10A-GM (HMS),0.17783,,Center 1A
0.7968,Palbociclib,12044.0,18740.0625,1044.0667,MCF10A-GM (HMS),0.31623,,Center 1A
0.76372,Palbociclib,11115.0,18740.0625,1044.0667,MCF10A-GM (HMS),0.56234,,Center 1A
0.69511,Palbociclib,9411.8333,18740.0625,1044.0667,MCF10A-GM (HMS),1.0,,Center 1A
0.6078600000000001,Palbociclib,7564.5,18740.0625,1044.0667,MCF10A-GM (HMS),1.7783,,Center 1A
0.52646,Palbociclib,6079.25,18740.0625,1044.0667,MCF10A-GM (HMS),3.1623,,Center 1A
0.47545,Palbociclib,5279.75,18740.0625,1044.0667,MCF10A-GM (HMS),5.6234,,Center 1A
0.39456,Palbociclib,4179.75,18740.0625,1044.0667,MCF10A-GM (HMS),10.0,,Center 1A
0.97609,Trametinib,17898.25,18740.0625,1044.0667,MCF10A-GM (HMS),0.00021667,,Center 1A
0.95977,Trametinib,17235.0,18740.0625,1044.0667,MCF10A-GM (HMS),0.00033333,,Center 1A
0.90331,Trametinib,15257.5,18740.0625,1044.0667,MCF10A-GM (HMS),0.00066667,,Center 1A
0.88794,Trametinib,14749.75,18740.0625,1044.0667,MCF10A-GM (HMS),0.001,,Center 1A
0.76436,Trametinib,11115.5,18740.0625,1044.0667,MCF10A-GM (HMS),0.0016667,,Center 1A
0.65194,Trametinib,8471.0,18740.0625,1044.0667,MCF10A-GM (HMS),0.003,,Center 1A
0.46139,Trametinib,5083.5,18740.0625,1044.0667,MCF10A-GM (HMS),0.0056667,,Center 1A
0.32398000000000005,Trametinib,3361.0,18740.0625,1044.0667,MCF10A-GM (HMS),0.01,,Center 1A
0.23689,Trametinib,2531.75,18740.0625,1044.0667,MCF10A-GM (HMS),0.017783,,Center 1A
0.1926,Trametinib,2174.75,18740.0625,1044.0667,MCF10A-GM (HMS),0.031623000000000005,,Center 1A
0.17323,Trametinib,2034.0,18740.0625,1044.0667,MCF10A-GM (HMS),0.1,,Center 1A
0.1623,Trametinib,1956.75,18740.0625,1044.0667,MCF10A-GM (HMS),0.31623,,Center 1A
0.16637000000000002,Trametinib,1982.5,18740.0625,1044.0667,MCF10A-GM (HMS),1.0,,Center 1A
1.0003,Vorinostat,18758.75,18740.0625,1044.0667,MCF10A-GM (HMS),0.0033333,,Center 1A
0.97559,Vorinostat,17828.25,18740.0625,1044.0667,MCF10A-GM (HMS),0.01,,Center 1A
1.0055,Vorinostat,18954.5,18740.0625,1044.0667,MCF10A-GM (HMS),0.031667,,Center 1A
0.98051,Vorinostat,17994.75,18740.0625,1044.0667,MCF10A-GM (HMS),0.1,,Center 1A
0.95214,Vorinostat,16937.0,18740.0625,1044.0667,MCF10A-GM (HMS),0.17783,,Center 1A
0.8900600000000001,Vorinostat,14827.0,18740.0625,1044.0667,MCF10A-GM (HMS),0.31623,,Center 1A
0.7798,Vorinostat,11526.5,18740.0625,1044.0667,MCF10A-GM (HMS),0.56234,,Center 1A
0.6045,Vorinostat,7494.0,18740.0625,1044.0667,MCF10A-GM (HMS),1.0,,Center 1A
0.34993,Vorinostat,3647.75,18740.0625,1044.0667,MCF10A-GM (HMS),1.7783,,Center 1A
0.16142,Vorinostat,1950.8333,18740.0625,1044.0667,MCF10A-GM (HMS),3.1623,,Center 1A
0.06726499999999999,Vorinostat,1369.5,18740.0625,1044.0667,MCF10A-GM (HMS),5.6234,,Center 1A
0.041615,Vorinostat,1240.75,18740.0625,1044.0667,MCF10A-GM (HMS),10.0,,Center 1A
0.97109,Alpelisib,7434.75,7872.3125,491.1083,MCF10A-GM (HMS),0.0033333,,Center 1A
1.0004,Alpelisib,7886.25,7872.3125,491.1083,MCF10A-GM (HMS),0.01,,Center 1A
0.97248,Alpelisib,7452.75,7872.3125,491.1083,MCF10A-GM (HMS),0.031667,,Center 1A
0.93985,Alpelisib,6972.5,7872.3125,491.1083,MCF10A-GM (HMS),0.1,,Center 1A
0.89139,Alpelisib,6293.25,7872.3125,491.1083,MCF10A-GM (HMS),0.31623,,Center 1A
0.8259,Alpelisib,5493.75,7872.3125,491.1083,MCF10A-GM (HMS),0.56234,,Center 1A
0.7924100000000001,Alpelisib,5093.5,7872.3125,491.1083,MCF10A-GM (HMS),1.0,,Center 1A
0.6767,Alpelisib,3887.0,7872.3125,491.1083,MCF10A-GM (HMS),1.7783,,Center 1A
0.64591,Alpelisib,3620.5,7872.3125,491.1083,MCF10A-GM (HMS),3.1623,,Center 1A
0.45858,Alpelisib,2244.5,7872.3125,491.1083,MCF10A-GM (HMS),5.6234,,Center 1A
0.3135,Alpelisib,1472.02,7872.3125,491.1083,MCF10A-GM (HMS),10.0,,Center 1A
0.96118,Dasatinib,7299.75,7872.3125,491.1083,MCF10A-GM (HMS),0.0010833,,Center 1A
0.94254,Dasatinib,7010.0,7872.3125,491.1083,MCF10A-GM (HMS),0.0033333,,Center 1A
0.90119,Dasatinib,6425.75,7872.3125,491.1083,MCF10A-GM (HMS),0.01,,Center 1A
0.84495,Dasatinib,5701.75,7872.3125,491.1083,MCF10A-GM (HMS),0.018333,,Center 1A
0.87631,Dasatinib,6101.0,7872.3125,491.1083,MCF10A-GM (HMS),0.031667,,Center 1A
0.74063,Dasatinib,4521.25,7872.3125,491.1083,MCF10A-GM (HMS),0.056667,,Center 1A
0.47966,Dasatinib,2357.25,7872.3125,491.1083,MCF10A-GM (HMS),0.1,,Center 1A
0.1466,Dasatinib,852.25,7872.3125,491.1083,MCF10A-GM (HMS),0.17783,,Center 1A
0.036656,Dasatinib,569.0,7872.3125,491.1083,MCF10A-GM (HMS),0.31623,,Center 1A
-0.03217,Dasatinib,431.5,7872.3125,491.1083,MCF10A-GM (HMS),0.56234,,Center 1A
-0.011465,Dasatinib,469.75,7872.3125,491.1083,MCF10A-GM (HMS),1.0,,Center 1A
-0.1215,Dasatinib,293.75,7872.3125,491.1083,MCF10A-GM (HMS),1.7783,,Center 1A
-0.16858,Dasatinib,237.0,7872.3125,491.1083,MCF10A-GM (HMS),3.1623,,Center 1A
-0.1824,Dasatinib,219.5,7872.3125,491.1083,MCF10A-GM (HMS),10.0,,Center 1A
1.0008,Etoposide,7891.25,7872.3125,491.1083,MCF10A-GM (HMS),0.0010833,,Center 1A
0.98767,Etoposide,7678.5,7872.3125,491.1083,MCF10A-GM (HMS),0.0033333,,Center 1A
0.96273,Etoposide,7313.0,7872.3125,491.1083,MCF10A-GM (HMS),0.01,,Center 1A
0.96267,Etoposide,7308.0,7872.3125,491.1083,MCF10A-GM (HMS),0.018333,,Center 1A
0.8925200000000001,Etoposide,6319.25,7872.3125,491.1083,MCF10A-GM (HMS),0.031667,,Center 1A
0.8137800000000001,Etoposide,5326.5,7872.3125,491.1083,MCF10A-GM (HMS),0.056667,,Center 1A
0.74255,Etoposide,4535.0,7872.3125,491.1083,MCF10A-GM (HMS),0.1,,Center 1A
0.62143,Etoposide,3404.25,7872.3125,491.1083,MCF10A-GM (HMS),0.17783,,Center 1A
0.46098,Etoposide,2246.6667,7872.3125,491.1083,MCF10A-GM (HMS),0.31623,,Center 1A
0.25805,Etoposide,1243.0,7872.3125,491.1083,MCF10A-GM (HMS),0.56234,,Center 1A
0.092168,Etoposide,699.0,7872.3125,491.1083,MCF10A-GM (HMS),1.0,,Center 1A
0.047801,Etoposide,594.5,7872.3125,491.1083,MCF10A-GM (HMS),1.7783,,Center 1A
0.047629000000000005,Etoposide,592.25,7872.3125,491.1083,MCF10A-GM (HMS),3.1623,,Center 1A
0.010225,Etoposide,525.5,7872.3125,491.1083,MCF10A-GM (HMS),10.0,,Center 1A
1.0068,Neratinib,7978.25,7872.3125,491.1083,MCF10A-GM (HMS),0.00043333,,Center 1A
1.0082,Neratinib,8001.25,7872.3125,491.1083,MCF10A-GM (HMS),0.0013333,,Center 1A
0.99558,Neratinib,7805.0,7872.3125,491.1083,MCF10A-GM (HMS),0.0033333,,Center 1A
1.0156,Neratinib,8136.0,7872.3125,491.1083,MCF10A-GM (HMS),0.0053333,,Center 1A
0.96184,Neratinib,7301.5,7872.3125,491.1083,MCF10A-GM (HMS),0.01,,Center 1A
0.8886799999999999,Neratinib,6277.75,7872.3125,491.1083,MCF10A-GM (HMS),0.018000000000000002,,Center 1A
0.84309,Neratinib,5677.5,7872.3125,491.1083,MCF10A-GM (HMS),0.031623000000000005,,Center 1A
0.61956,Neratinib,3395.5,7872.3125,491.1083,MCF10A-GM (HMS),0.056234000000000006,,Center 1A
0.39398,Neratinib,1861.3333,7872.3125,491.1083,MCF10A-GM (HMS),0.1,,Center 1A
0.26758000000000004,Neratinib,1285.75,7872.3125,491.1083,MCF10A-GM (HMS),0.17783,,Center 1A
0.046746,Neratinib,597.75,7872.3125,491.1083,MCF10A-GM (HMS),0.31623,,Center 1A
-0.040945,Neratinib,415.5,7872.3125,491.1083,MCF10A-GM (HMS),0.56234,,Center 1A
-0.085874,Neratinib,348.25,7872.3125,491.1083,MCF10A-GM (HMS),1.0,,Center 1A
-0.20438,Neratinib,199.25,7872.3125,491.1083,MCF10A-GM (HMS),3.1623,,Center 1A
1.0218,Paclitaxel,8235.25,7872.3125,491.1083,MCF10A-GM (HMS),4.3333e-05,,Center 1A
1.0203,Paclitaxel,8194.0,7872.3125,491.1083,MCF10A-GM (HMS),0.00013333,,Center 1A
0.95871,Paclitaxel,7263.25,7872.3125,491.1083,MCF10A-GM (HMS),0.0002,,Center 1A
0.9805,Paclitaxel,7569.5,7872.3125,491.1083,MCF10A-GM (HMS),0.00033333,,Center 1A
0.96354,Paclitaxel,7330.0,7872.3125,491.1083,MCF10A-GM (HMS),0.00053333,,Center 1A
0.77661,Paclitaxel,4902.5,7872.3125,491.1083,MCF10A-GM (HMS),0.001,,Center 1A
0.51765,Paclitaxel,2616.5,7872.3125,491.1083,MCF10A-GM (HMS),0.0018,,Center 1A
0.2058,Paclitaxel,1041.6667,7872.3125,491.1083,MCF10A-GM (HMS),0.0031623000000000003,,Center 1A
0.065309,Paclitaxel,635.25,7872.3125,491.1083,MCF10A-GM (HMS),0.0056234,,Center 1A
-0.10981,Paclitaxel,310.25,7872.3125,491.1083,MCF10A-GM (HMS),0.01,,Center 1A
-0.23659,Paclitaxel,166.75,7872.3125,491.1083,MCF10A-GM (HMS),0.017783,,Center 1A
-0.29557,Paclitaxel,122.25,7872.3125,491.1083,MCF10A-GM (HMS),0.031623000000000005,,Center 1A
-0.33805,Paclitaxel,94.25,7872.3125,491.1083,MCF10A-GM (HMS),0.1,,Center 1A
-0.30709000000000003,Paclitaxel,114.0,7872.3125,491.1083,MCF10A-GM (HMS),0.31623,,Center 1A
0.9743,Palbociclib,7472.0,7872.3125,491.1083,MCF10A-GM (HMS),0.0010833,,Center 1A
0.96879,Palbociclib,7402.0,7872.3125,491.1083,MCF10A-GM (HMS),0.0033333,,Center 1A
0.98036,Palbociclib,7581.75,7872.3125,491.1083,MCF10A-GM (HMS),0.01,,Center 1A
0.9646,Palbociclib,7387.25,7872.3125,491.1083,MCF10A-GM (HMS),0.031667,,Center 1A
0.9574,Palbociclib,7229.0,7872.3125,491.1083,MCF10A-GM (HMS),0.056667,,Center 1A
0.97216,Palbociclib,7444.75,7872.3125,491.1083,MCF10A-GM (HMS),0.1,,Center 1A
0.94272,Palbociclib,7035.75,7872.3125,491.1083,MCF10A-GM (HMS),0.17783,,Center 1A
0.58499,Palbociclib,3183.25,7872.3125,491.1083,MCF10A-GM (HMS),0.31623,,Center 1A
0.5677800000000001,Palbociclib,2973.75,7872.3125,491.1083,MCF10A-GM (HMS),0.56234,,Center 1A
0.52463,Palbociclib,2668.6667,7872.3125,491.1083,MCF10A-GM (HMS),1.0,,Center 1A
0.46405,Palbociclib,2281.0,7872.3125,491.1083,MCF10A-GM (HMS),1.7783,,Center 1A
0.40916,Palbociclib,1946.0,7872.3125,491.1083,MCF10A-GM (HMS),3.1623,,Center 1A
0.3525,Palbociclib,1653.5,7872.3125,491.1083,MCF10A-GM (HMS),5.6234,,Center 1A
0.29241,Palbociclib,1372.5,7872.3125,491.1083,MCF10A-GM (HMS),10.0,,Center 1A
0.9727,Trametinib,7462.875,7872.3125,491.1083,MCF10A-GM (HMS),0.00021667,,Center 1A
0.97024,Trametinib,7413.75,7872.3125,491.1083,MCF10A-GM (HMS),0.00033333,,Center 1A
0.8896,Trametinib,6272.0,7872.3125,491.1083,MCF10A-GM (HMS),0.00066667,,Center 1A
0.8094399999999999,Trametinib,5278.25,7872.3125,491.1083,MCF10A-GM (HMS),0.001,,Center 1A
0.72019,Trametinib,4310.25,7872.3125,491.1083,MCF10A-GM (HMS),0.0016667,,Center 1A
0.5475,Trametinib,2824.6667,7872.3125,491.1083,MCF10A-GM (HMS),0.003,,Center 1A
0.38421,Trametinib,1805.5,7872.3125,491.1083,MCF10A-GM (HMS),0.0056667,,Center 1A
0.22574,Trametinib,1110.0,7872.3125,491.1083,MCF10A-GM (HMS),0.01,,Center 1A
0.10738,Trametinib,741.5,7872.3125,491.1083,MCF10A-GM (HMS),0.017783,,Center 1A
0.039252,Trametinib,575.5,7872.3125,491.1083,MCF10A-GM (HMS),0.031623000000000005,,Center 1A
0.017731,Trametinib,529.0,7872.3125,491.1083,MCF10A-GM (HMS),0.1,,Center 1A
0.015542,Trametinib,522.5,7872.3125,491.1083,MCF10A-GM (HMS),0.31623,,Center 1A
0.036971,Trametinib,569.0,7872.3125,491.1083,MCF10A-GM (HMS),1.0,,Center 1A
1.0088,Vorinostat,8025.0,7872.3125,491.1083,MCF10A-GM (HMS),0.0033333,,Center 1A
1.0119,Vorinostat,8058.0,7872.3125,491.1083,MCF10A-GM (HMS),0.01,,Center 1A
0.98002,Vorinostat,7572.0,7872.3125,491.1083,MCF10A-GM (HMS),0.031667,,Center 1A
0.91496,Vorinostat,6619.25,7872.3125,491.1083,MCF10A-GM (HMS),0.1,,Center 1A
0.84545,Vorinostat,5729.75,7872.3125,491.1083,MCF10A-GM (HMS),0.17783,,Center 1A
0.7488199999999999,Vorinostat,4611.25,7872.3125,491.1083,MCF10A-GM (HMS),0.31623,,Center 1A
0.61539,Vorinostat,3350.25,7872.3125,491.1083,MCF10A-GM (HMS),0.56234,,Center 1A
0.39709,Vorinostat,1875.25,7872.3125,491.1083,MCF10A-GM (HMS),1.0,,Center 1A
0.22422,Vorinostat,1105.25,7872.3125,491.1083,MCF10A-GM (HMS),1.7783,,Center 1A
0.068748,Vorinostat,642.6667,7872.3125,491.1083,MCF10A-GM (HMS),3.1623,,Center 1A
0.0060644,Vorinostat,505.0,7872.3125,491.1083,MCF10A-GM (HMS),5.6234,,Center 1A
-0.0046558,Vorinostat,483.5,7872.3125,491.1083,MCF10A-GM (HMS),10.0,,Center 1A
0.99263,Alpelisib,10944.25,11073.125,636.0417,MCF10A-GM (HMS),0.0033333,,Center 1A
1.0181,Alpelisib,11516.25,11073.125,636.0417,MCF10A-GM (HMS),0.01,,Center 1A
1.005,Alpelisib,11189.75,11073.125,636.0417,MCF10A-GM (HMS),0.031667,,Center 1A
0.97423,Alpelisib,10498.25,11073.125,636.0417,MCF10A-GM (HMS),0.1,,Center 1A
0.92682,Alpelisib,9498.25,11073.125,636.0417,MCF10A-GM (HMS),0.31623,,Center 1A
0.89959,Alpelisib,8966.0,11073.125,636.0417,MCF10A-GM (HMS),0.56234,,Center 1A
0.83891,Alpelisib,7833.25,11073.125,636.0417,MCF10A-GM (HMS),1.0,,Center 1A
0.7924800000000001,Alpelisib,7053.5,11073.125,636.0417,MCF10A-GM (HMS),1.7783,,Center 1A
0.73619,Alpelisib,6210.5,11073.125,636.0417,MCF10A-GM (HMS),3.1623,,Center 1A
0.64304,Alpelisib,4951.75,11073.125,636.0417,MCF10A-GM (HMS),5.6234,,Center 1A
0.4698600000000001,Alpelisib,3136.1,11073.125,636.0417,MCF10A-GM (HMS),10.0,,Center 1A
0.95965,Dasatinib,10190.75,11073.125,636.0417,MCF10A-GM (HMS),0.0010833,,Center 1A
0.96345,Dasatinib,10269.25,11073.125,636.0417,MCF10A-GM (HMS),0.0033333,,Center 1A
0.96613,Dasatinib,10319.5,11073.125,636.0417,MCF10A-GM (HMS),0.01,,Center 1A
0.91398,Dasatinib,9235.25,11073.125,636.0417,MCF10A-GM (HMS),0.018333,,Center 1A
0.90581,Dasatinib,9090.0,11073.125,636.0417,MCF10A-GM (HMS),0.031667,,Center 1A
0.81302,Dasatinib,7391.0,11073.125,636.0417,MCF10A-GM (HMS),0.056667,,Center 1A
0.6310100000000001,Dasatinib,4824.75,11073.125,636.0417,MCF10A-GM (HMS),0.1,,Center 1A
0.38138,Dasatinib,2444.75,11073.125,636.0417,MCF10A-GM (HMS),0.17783,,Center 1A
0.23354,Dasatinib,1523.8333,11073.125,636.0417,MCF10A-GM (HMS),0.31623,,Center 1A
0.13432,Dasatinib,1098.75,11073.125,636.0417,MCF10A-GM (HMS),0.56234,,Center 1A
0.18029,Dasatinib,1274.25,11073.125,636.0417,MCF10A-GM (HMS),1.0,,Center 1A
0.02663,Dasatinib,718.25,11073.125,636.0417,MCF10A-GM (HMS),1.7783,,Center 1A
-0.086815,Dasatinib,438.5,11073.125,636.0417,MCF10A-GM (HMS),3.1623,,Center 1A
-0.18516,Dasatinib,274.75,11073.125,636.0417,MCF10A-GM (HMS),10.0,,Center 1A
1.0039,Etoposide,11165.75,11073.125,636.0417,MCF10A-GM (HMS),0.0010833,,Center 1A
1.007,Etoposide,11231.25,11073.125,636.0417,MCF10A-GM (HMS),0.0033333,,Center 1A
0.98447,Etoposide,10722.0,11073.125,636.0417,MCF10A-GM (HMS),0.01,,Center 1A
0.98231,Etoposide,10688.25,11073.125,636.0417,MCF10A-GM (HMS),0.018333,,Center 1A
0.93999,Etoposide,9773.5,11073.125,636.0417,MCF10A-GM (HMS),0.031667,,Center 1A
0.86669,Etoposide,8330.5,11073.125,636.0417,MCF10A-GM (HMS),0.056667,,Center 1A
0.79043,Etoposide,7035.25,11073.125,636.0417,MCF10A-GM (HMS),0.1,,Center 1A
0.6499699999999999,Etoposide,5017.5,11073.125,636.0417,MCF10A-GM (HMS),0.17783,,Center 1A
0.47828,Etoposide,3190.3333,11073.125,636.0417,MCF10A-GM (HMS),0.31623,,Center 1A
0.2659,Etoposide,1695.75,11073.125,636.0417,MCF10A-GM (HMS),0.56234,,Center 1A
0.081139,Etoposide,877.75,11073.125,636.0417,MCF10A-GM (HMS),1.0,,Center 1A
0.038726,Etoposide,745.0,11073.125,636.0417,MCF10A-GM (HMS),1.7783,,Center 1A
0.026143,Etoposide,709.0,11073.125,636.0417,MCF10A-GM (HMS),3.1623,,Center 1A
0.007694499999999998,Etoposide,658.75,11073.125,636.0417,MCF10A-GM (HMS),10.0,,Center 1A
0.99282,Neratinib,10906.75,11073.125,636.0417,MCF10A-GM (HMS),0.00043333,,Center 1A
0.99236,Neratinib,10897.0,11073.125,636.0417,MCF10A-GM (HMS),0.0013333,,Center 1A
1.0119,Neratinib,11350.25,11073.125,636.0417,MCF10A-GM (HMS),0.0033333,,Center 1A
0.99938,Neratinib,11060.25,11073.125,636.0417,MCF10A-GM (HMS),0.0053333,,Center 1A
0.9801,Neratinib,10639.75,11073.125,636.0417,MCF10A-GM (HMS),0.01,,Center 1A
0.97047,Neratinib,10415.0,11073.125,636.0417,MCF10A-GM (HMS),0.018000000000000002,,Center 1A
0.8910299999999999,Neratinib,8791.5,11073.125,636.0417,MCF10A-GM (HMS),0.031623000000000005,,Center 1A
0.72418,Neratinib,6005.75,11073.125,636.0417,MCF10A-GM (HMS),0.056234000000000006,,Center 1A
0.5421699999999999,Neratinib,3823.3333,11073.125,636.0417,MCF10A-GM (HMS),0.1,,Center 1A
0.39322,Neratinib,2524.75,11073.125,636.0417,MCF10A-GM (HMS),0.17783,,Center 1A
0.15922999999999998,Neratinib,1174.25,11073.125,636.0417,MCF10A-GM (HMS),0.31623,,Center 1A
0.053935,Neratinib,791.25,11073.125,636.0417,MCF10A-GM (HMS),0.56234,,Center 1A
0.013076,Neratinib,672.5,11073.125,636.0417,MCF10A-GM (HMS),1.0,,Center 1A
-0.052788,Neratinib,511.75,11073.125,636.0417,MCF10A-GM (HMS),3.1623,,Center 1A
0.99264,Paclitaxel,10909.5,11073.125,636.0417,MCF10A-GM (HMS),4.3333e-05,,Center 1A
1.0131,Paclitaxel,11385.25,11073.125,636.0417,MCF10A-GM (HMS),0.00013333,,Center 1A
0.99535,Paclitaxel,10966.75,11073.125,636.0417,MCF10A-GM (HMS),0.0002,,Center 1A
0.99741,Paclitaxel,11018.75,11073.125,636.0417,MCF10A-GM (HMS),0.00033333,,Center 1A
0.952,Paclitaxel,10128.5,11073.125,636.0417,MCF10A-GM (HMS),0.00053333,,Center 1A
0.83645,Paclitaxel,7799.25,11073.125,636.0417,MCF10A-GM (HMS),0.001,,Center 1A
0.61726,Paclitaxel,4630.75,11073.125,636.0417,MCF10A-GM (HMS),0.0018,,Center 1A
0.27301,Paclitaxel,1720.6667,11073.125,636.0417,MCF10A-GM (HMS),0.0031623000000000003,,Center 1A
0.08945,Paclitaxel,912.0,11073.125,636.0417,MCF10A-GM (HMS),0.0056234,,Center 1A
-0.11854,Paclitaxel,379.25,11073.125,636.0417,MCF10A-GM (HMS),0.01,,Center 1A
-0.23095,Paclitaxel,216.25,11073.125,636.0417,MCF10A-GM (HMS),0.017783,,Center 1A
-0.27602,Paclitaxel,168.75,11073.125,636.0417,MCF10A-GM (HMS),0.031623000000000005,,Center 1A
-0.3165,Paclitaxel,133.5,11073.125,636.0417,MCF10A-GM (HMS),0.1,,Center 1A
-0.31071,Paclitaxel,138.0,11073.125,636.0417,MCF10A-GM (HMS),0.31623,,Center 1A
0.98915,Palbociclib,10831.0,11073.125,636.0417,MCF10A-GM (HMS),0.0010833,,Center 1A
0.96391,Palbociclib,10277.0,11073.125,636.0417,MCF10A-GM (HMS),0.0033333,,Center 1A
1.0002,Palbociclib,11088.5,11073.125,636.0417,MCF10A-GM (HMS),0.01,,Center 1A
0.98325,Palbociclib,10709.0,11073.125,636.0417,MCF10A-GM (HMS),0.031667,,Center 1A
0.99962,Palbociclib,11075.25,11073.125,636.0417,MCF10A-GM (HMS),0.056667,,Center 1A
0.96506,Palbociclib,10318.5,11073.125,636.0417,MCF10A-GM (HMS),0.1,,Center 1A
0.99412,Palbociclib,10972.5,11073.125,636.0417,MCF10A-GM (HMS),0.17783,,Center 1A
0.7329600000000001,Palbociclib,6230.25,11073.125,636.0417,MCF10A-GM (HMS),0.31623,,Center 1A
0.68367,Palbociclib,5473.0,11073.125,636.0417,MCF10A-GM (HMS),0.56234,,Center 1A
0.60768,Palbociclib,4535.5,11073.125,636.0417,MCF10A-GM (HMS),1.0,,Center 1A
0.55375,Palbociclib,3946.25,11073.125,636.0417,MCF10A-GM (HMS),1.7783,,Center 1A
0.49398,Palbociclib,3347.75,11073.125,636.0417,MCF10A-GM (HMS),3.1623,,Center 1A
0.3990800000000001,Palbociclib,2544.25,11073.125,636.0417,MCF10A-GM (HMS),5.6234,,Center 1A
0.35583000000000004,Palbociclib,2236.25,11073.125,636.0417,MCF10A-GM (HMS),10.0,,Center 1A
0.98933,Trametinib,10845.5,11073.125,636.0417,MCF10A-GM (HMS),0.00021667,,Center 1A
0.97016,Trametinib,10433.0,11073.125,636.0417,MCF10A-GM (HMS),0.00033333,,Center 1A
0.88384,Trametinib,8672.0,11073.125,636.0417,MCF10A-GM (HMS),0.00066667,,Center 1A
0.9039,Trametinib,9057.75,11073.125,636.0417,MCF10A-GM (HMS),0.001,,Center 1A
0.79967,Trametinib,7178.25,11073.125,636.0417,MCF10A-GM (HMS),0.0016667,,Center 1A
0.6441100000000001,Trametinib,4942.3333,11073.125,636.0417,MCF10A-GM (HMS),0.003,,Center 1A
0.44685,Trametinib,2922.75,11073.125,636.0417,MCF10A-GM (HMS),0.0056667,,Center 1A
0.29921,Trametinib,1877.25,11073.125,636.0417,MCF10A-GM (HMS),0.01,,Center 1A
0.19138,Trametinib,1314.0,11073.125,636.0417,MCF10A-GM (HMS),0.017783,,Center 1A
0.11444,Trametinib,1001.5,11073.125,636.0417,MCF10A-GM (HMS),0.031623000000000005,,Center 1A
0.10116,Trametinib,950.25,11073.125,636.0417,MCF10A-GM (HMS),0.1,,Center 1A
0.090278,Trametinib,914.0,11073.125,636.0417,MCF10A-GM (HMS),0.31623,,Center 1A
0.099939,Trametinib,948.75,11073.125,636.0417,MCF10A-GM (HMS),1.0,,Center 1A
0.99904,Vorinostat,11049.0,11073.125,636.0417,MCF10A-GM (HMS),0.0033333,,Center 1A
1.018,Vorinostat,11492.5,11073.125,636.0417,MCF10A-GM (HMS),0.01,,Center 1A
0.98016,Vorinostat,10637.25,11073.125,636.0417,MCF10A-GM (HMS),0.031667,,Center 1A
0.9374,Vorinostat,9727.5,11073.125,636.0417,MCF10A-GM (HMS),0.1,,Center 1A
0.89464,Vorinostat,8902.25,11073.125,636.0417,MCF10A-GM (HMS),0.17783,,Center 1A
0.80424,Vorinostat,7251.5,11073.125,636.0417,MCF10A-GM (HMS),0.31623,,Center 1A
0.68257,Vorinostat,5440.25,11073.125,636.0417,MCF10A-GM (HMS),0.56234,,Center 1A
0.45441,Vorinostat,2985.5,11073.125,636.0417,MCF10A-GM (HMS),1.0,,Center 1A
0.25763,Vorinostat,1641.75,11073.125,636.0417,MCF10A-GM (HMS),1.7783,,Center 1A
0.068462,Vorinostat,837.6667,11073.125,636.0417,MCF10A-GM (HMS),3.1623,,Center 1A
0.038091,Vorinostat,742.5,11073.125,636.0417,MCF10A-GM (HMS),5.6234,,Center 1A
0.005525899999999999,Vorinostat,655.125,11073.125,636.0417,MCF10A-GM (HMS),10.0,,Center 1A
0.93774,Alpelisib,7566660.0,8267613.333,1185969.625,MCF10A-GM (MEP),0.001,,Center 4
0.933,Alpelisib,7514920.0,8267613.333,1185969.625,MCF10A-GM (MEP),0.00316,,Center 4
0.95317,Alpelisib,7736646.6667,8267613.333,1185969.625,MCF10A-GM (MEP),0.01,,Center 4
0.92703,Alpelisib,7450103.3333,8267613.333,1185969.625,MCF10A-GM (MEP),0.0316,,Center 4
0.862,Alpelisib,6767030.0,8267613.333,1185969.625,MCF10A-GM (MEP),0.1,,Center 4
0.76255,Alpelisib,5802470.0,8267613.333,1185969.625,MCF10A-GM (MEP),0.316,,Center 4
0.7356699999999999,Alpelisib,5558033.3333,8267613.333,1185969.625,MCF10A-GM (MEP),1.0,,Center 4
0.67642,Alpelisib,5042686.6667,8267613.333,1185969.625,MCF10A-GM (MEP),3.16,,Center 4
0.5279699999999999,Alpelisib,3889140.0,8267613.333,1185969.625,MCF10A-GM (MEP),10.0,,Center 4
0.81418,Dasatinib,6291366.6667,8267613.333,1185969.625,MCF10A-GM (MEP),0.001,,Center 4
0.7954399999999999,Dasatinib,6110960.0,8267613.333,1185969.625,MCF10A-GM (MEP),0.00316,,Center 4
0.73339,Dasatinib,5537576.6667,8267613.333,1185969.625,MCF10A-GM (MEP),0.01,,Center 4
0.63452,Dasatinib,4697496.6667,8267613.333,1185969.625,MCF10A-GM (MEP),0.0316,,Center 4
0.511,Dasatinib,3769373.3333,8267613.333,1185969.625,MCF10A-GM (MEP),0.1,,Center 4
0.29864,Dasatinib,2466066.6667,8267613.333,1185969.625,MCF10A-GM (MEP),0.316,,Center 4
0.31933,Dasatinib,2577690.0,8267613.333,1185969.625,MCF10A-GM (MEP),1.0,,Center 4
0.10353,Dasatinib,1562903.3333,8267613.333,1185969.625,MCF10A-GM (MEP),3.16,,Center 4
-0.034664999999999994,Dasatinib,1074363.3333,8267613.333,1185969.625,MCF10A-GM (MEP),10.0,,Center 4
0.91248,Etoposide,7293530.0,8267613.333,1185969.625,MCF10A-GM (MEP),0.001,,Center 4
0.92853,Etoposide,7466313.3333,8267613.333,1185969.625,MCF10A-GM (MEP),0.00316,,Center 4
0.92271,Etoposide,7403440.0,8267613.333,1185969.625,MCF10A-GM (MEP),0.01,,Center 4
0.8620700000000001,Etoposide,6767680.0,8267613.333,1185969.625,MCF10A-GM (MEP),0.0316,,Center 4
0.75597,Etoposide,5741990.0,8267613.333,1185969.625,MCF10A-GM (MEP),0.1,,Center 4
0.64065,Etoposide,4747016.6667,8267613.333,1185969.625,MCF10A-GM (MEP),0.316,,Center 4
0.5028199999999999,Etoposide,3712463.3333,8267613.333,1185969.625,MCF10A-GM (MEP),1.0,,Center 4
0.45619,Etoposide,3398723.3333,8267613.333,1185969.625,MCF10A-GM (MEP),3.16,,Center 4
0.37084,Etoposide,2869630.0,8267613.333,1185969.625,MCF10A-GM (MEP),10.0,,Center 4
0.99747,Neratinib,7760966.6667,7787706.667,1185969.625,MCF10A-GM (MEP),0.00031600000000000004,,Center 4
0.9174,Neratinib,6945063.3333,7787706.667,1185969.625,MCF10A-GM (MEP),0.000999,,Center 4
0.96471,Neratinib,7420210.0,7787706.667,1185969.625,MCF10A-GM (MEP),0.00316,,Center 4
0.98479,Neratinib,7627900.0,7787706.667,1185969.625,MCF10A-GM (MEP),0.00999,,Center 4
0.8926200000000001,Neratinib,6704003.3333,7787706.667,1185969.625,MCF10A-GM (MEP),0.0316,,Center 4
0.6231399999999999,Neratinib,4417900.0,7787706.667,1185969.625,MCF10A-GM (MEP),0.0999,,Center 4
0.27337,Neratinib,2285826.6667,7787706.667,1185969.625,MCF10A-GM (MEP),0.316,,Center 4
0.044829,Neratinib,1335930.0,7787706.667,1185969.625,MCF10A-GM (MEP),0.999,,Center 4
-0.006326,Neratinib,1165710.0,7787706.667,1185969.625,MCF10A-GM (MEP),3.16,,Center 4
0.94134,Paclitaxel,7182993.3333,7787706.667,1185969.625,MCF10A-GM (MEP),3.16e-05,,Center 4
0.97229,Paclitaxel,7498230.0,7787706.667,1185969.625,MCF10A-GM (MEP),9.990000000000003e-05,,Center 4
1.0042,Paclitaxel,7832590.0,7787706.667,1185969.625,MCF10A-GM (MEP),0.00031600000000000004,,Center 4
0.92997,Paclitaxel,7069326.6667,7787706.667,1185969.625,MCF10A-GM (MEP),0.000999,,Center 4
0.78806,Paclitaxel,5745473.3333,7787706.667,1185969.625,MCF10A-GM (MEP),0.00316,,Center 4
0.26535,Paclitaxel,2246930.0,7787706.667,1185969.625,MCF10A-GM (MEP),0.00999,,Center 4
-0.085965,Paclitaxel,929143.0,7787706.667,1185969.625,MCF10A-GM (MEP),0.0316,,Center 4
-0.24189,Paclitaxel,559148.6667,7787706.667,1185969.625,MCF10A-GM (MEP),0.0999,,Center 4
-0.26912,Paclitaxel,506295.0,7787706.667,1185969.625,MCF10A-GM (MEP),0.316,,Center 4
0.94941,Palbociclib,7415396.6667,7955863.333,1185969.625,MCF10A-GM (MEP),0.001,,Center 4
0.93586,Palbociclib,7274723.3333,7955863.333,1185969.625,MCF10A-GM (MEP),0.00316,,Center 4
0.94261,Palbociclib,7344573.3333,7955863.333,1185969.625,MCF10A-GM (MEP),0.01,,Center 4
1.0172,Palbociclib,8145443.3333,7955863.333,1185969.625,MCF10A-GM (MEP),0.0316,,Center 4
0.96863,Palbociclib,7617866.6667,7955863.333,1185969.625,MCF10A-GM (MEP),0.1,,Center 4
0.94102,Palbociclib,7328046.6667,7955863.333,1185969.625,MCF10A-GM (MEP),0.316,,Center 4
0.77173,Palbociclib,5703790.0,7955863.333,1185969.625,MCF10A-GM (MEP),1.0,,Center 4
0.81995,Palbociclib,6140216.6667,7955863.333,1185969.625,MCF10A-GM (MEP),3.16,,Center 4
0.7279,Palbociclib,5324580.0,7955863.333,1185969.625,MCF10A-GM (MEP),10.0,,Center 4
1.0168,Trametinib,7966563.3333,7787706.667,1185969.625,MCF10A-GM (MEP),0.0001,,Center 4
0.8876,Trametinib,6655906.6667,7787706.667,1185969.625,MCF10A-GM (MEP),0.00031600000000000004,,Center 4
0.8830399999999999,Trametinib,6612270.0,7787706.667,1185969.625,MCF10A-GM (MEP),0.001,,Center 4
0.5867899999999999,Trametinib,4154420.0,7787706.667,1185969.625,MCF10A-GM (MEP),0.00316,,Center 4
0.48899,Trametinib,3495413.3333,7787706.667,1185969.625,MCF10A-GM (MEP),0.01,,Center 4
0.45813,Trametinib,3302210.0,7787706.667,1185969.625,MCF10A-GM (MEP),0.0316,,Center 4
0.27855,Trametinib,2311136.6667,7787706.667,1185969.625,MCF10A-GM (MEP),0.1,,Center 4
0.24989,Trametinib,2173160.0,7787706.667,1185969.625,MCF10A-GM (MEP),0.316,,Center 4
0.23388,Trametinib,2098406.6667,7787706.667,1185969.625,MCF10A-GM (MEP),1.0,,Center 4
0.90784,Vorinostat,6989180.0,7955863.333,1185969.625,MCF10A-GM (MEP),0.001,,Center 4
0.95112,Vorinostat,7433213.3333,7955863.333,1185969.625,MCF10A-GM (MEP),0.00316,,Center 4
0.94419,Vorinostat,7360976.6667,7955863.333,1185969.625,MCF10A-GM (MEP),0.01,,Center 4
0.94648,Vorinostat,7384780.0,7955863.333,1185969.625,MCF10A-GM (MEP),0.0316,,Center 4
0.99413,Vorinostat,7891900.0,7955863.333,1185969.625,MCF10A-GM (MEP),0.1,,Center 4
0.91085,Vorinostat,7019500.0,7955863.333,1185969.625,MCF10A-GM (MEP),0.316,,Center 4
0.89136,Vorinostat,6824706.6667,7955863.333,1185969.625,MCF10A-GM (MEP),1.0,,Center 4
0.6080899999999999,Vorinostat,4371100.0,7955863.333,1185969.625,MCF10A-GM (MEP),3.16,,Center 4
0.16897,Vorinostat,1820790.0,7955863.333,1185969.625,MCF10A-GM (MEP),10.0,,Center 4
0.97427,Alpelisib,8079760.0,8380336.667,1185969.625,MCF10A-GM (MEP),0.001,,Center 4
0.96653,Alpelisib,7990693.3333,8380336.667,1185969.625,MCF10A-GM (MEP),0.00316,,Center 4
0.95413,Alpelisib,7849360.0,8380336.667,1185969.625,MCF10A-GM (MEP),0.01,,Center 4
0.86451,Alpelisib,6875776.6667,8380336.667,1185969.625,MCF10A-GM (MEP),0.0316,,Center 4
0.91607,Alpelisib,7425703.3333,8380336.667,1185969.625,MCF10A-GM (MEP),0.1,,Center 4
0.78628,Alpelisib,6092636.6667,8380336.667,1185969.625,MCF10A-GM (MEP),0.316,,Center 4
0.77725,Alpelisib,6006160.0,8380336.667,1185969.625,MCF10A-GM (MEP),1.0,,Center 4
0.65649,Alpelisib,4924880.0,8380336.667,1185969.625,MCF10A-GM (MEP),3.16,,Center 4
0.5486300000000001,Alpelisib,4072896.6667,8380336.667,1185969.625,MCF10A-GM (MEP),10.0,,Center 4
0.8932399999999999,Dasatinib,7178823.3333,8380336.667,1185969.625,MCF10A-GM (MEP),0.001,,Center 4
0.78651,Dasatinib,6094863.3333,8380336.667,1185969.625,MCF10A-GM (MEP),0.00316,,Center 4
0.75412,Dasatinib,5788293.3333,8380336.667,1185969.625,MCF10A-GM (MEP),0.01,,Center 4
0.67735,Dasatinib,5101840.0,8380336.667,1185969.625,MCF10A-GM (MEP),0.0316,,Center 4
0.53584,Dasatinib,3978750.0,8380336.667,1185969.625,MCF10A-GM (MEP),0.1,,Center 4
0.33303,Dasatinib,2668336.6667,8380336.667,1185969.625,MCF10A-GM (MEP),0.316,,Center 4
0.31646,Dasatinib,2575800.0,8380336.667,1185969.625,MCF10A-GM (MEP),1.0,,Center 4
0.03027,Dasatinib,1290053.3333,8380336.667,1185969.625,MCF10A-GM (MEP),3.16,,Center 4
-0.028711,Dasatinib,1092406.6667,8380336.667,1185969.625,MCF10A-GM (MEP),10.0,,Center 4
0.9719,Etoposide,8052386.6667,8380336.667,1185969.625,MCF10A-GM (MEP),0.001,,Center 4
0.95754,Etoposide,7888096.6667,8380336.667,1185969.625,MCF10A-GM (MEP),0.00316,,Center 4
0.93578,Etoposide,7643190.0,8380336.667,1185969.625,MCF10A-GM (MEP),0.01,,Center 4
0.86666,Etoposide,6898190.0,8380336.667,1185969.625,MCF10A-GM (MEP),0.0316,,Center 4
0.77786,Etoposide,6011993.3333,8380336.667,1185969.625,MCF10A-GM (MEP),0.1,,Center 4
0.61382,Etoposide,4575306.6667,8380336.667,1185969.625,MCF10A-GM (MEP),0.316,,Center 4
0.52885,Etoposide,3927846.6667,8380336.667,1185969.625,MCF10A-GM (MEP),1.0,,Center 4
0.48028,Etoposide,3585926.6667,8380336.667,1185969.625,MCF10A-GM (MEP),3.16,,Center 4
0.38604,Etoposide,2978610.0,8380336.667,1185969.625,MCF10A-GM (MEP),10.0,,Center 4
0.97207,Neratinib,8437156.6667,8786986.667000001,1185969.625,MCF10A-GM (MEP),0.00031600000000000004,,Center 4
0.92092,Neratinib,7820156.6667,8786986.667000001,1185969.625,MCF10A-GM (MEP),0.000999,,Center 4
0.94692,Neratinib,8129966.6667,8786986.667000001,1185969.625,MCF10A-GM (MEP),0.00316,,Center 4
1.0348,Neratinib,9235496.6667,8786986.667000001,1185969.625,MCF10A-GM (MEP),0.00999,,Center 4
0.92175,Neratinib,7829976.6667,8786986.667000001,1185969.625,MCF10A-GM (MEP),0.0316,,Center 4
0.58244,Neratinib,4466736.6667,8786986.667000001,1185969.625,MCF10A-GM (MEP),0.0999,,Center 4
0.28366,Neratinib,2440183.3333,8786986.667000001,1185969.625,MCF10A-GM (MEP),0.316,,Center 4
0.085061,Neratinib,1501453.3333,8786986.667000001,1185969.625,MCF10A-GM (MEP),0.999,,Center 4
0.015106,Neratinib,1238473.3333,8786986.667000001,1185969.625,MCF10A-GM (MEP),3.16,,Center 4
0.90622,Paclitaxel,7648523.3333,8786986.667000001,1185969.625,MCF10A-GM (MEP),3.16e-05,,Center 4
0.94317,Paclitaxel,8084760.0,8786986.667000001,1185969.625,MCF10A-GM (MEP),9.990000000000003e-05,,Center 4
0.96803,Paclitaxel,8387263.3333,8786986.667000001,1185969.625,MCF10A-GM (MEP),0.00031600000000000004,,Center 4
0.91404,Paclitaxel,7739556.6667,8786986.667000001,1185969.625,MCF10A-GM (MEP),0.000999,,Center 4
0.77625,Paclitaxel,6236906.6667,8786986.667000001,1185969.625,MCF10A-GM (MEP),0.00316,,Center 4
0.27699,Paclitaxel,2403696.6667,8786986.667000001,1185969.625,MCF10A-GM (MEP),0.00999,,Center 4
-0.030408,Paclitaxel,1084739.6667,8786986.667000001,1185969.625,MCF10A-GM (MEP),0.0316,,Center 4
-0.19677,Paclitaxel,629697.0,8786986.667000001,1185969.625,MCF10A-GM (MEP),0.0999,,Center 4
-0.197,Paclitaxel,629167.6667,8786986.667000001,1185969.625,MCF10A-GM (MEP),0.316,,Center 4
1.0147,Palbociclib,7800256.6667,7647653.0,1185969.625,MCF10A-GM (MEP),0.001,,Center 4
0.99147,Palbociclib,7560300.0,7647653.0,1185969.625,MCF10A-GM (MEP),0.00316,,Center 4
0.99157,Palbociclib,7561293.3333,7647653.0,1185969.625,MCF10A-GM (MEP),0.01,,Center 4
0.99965,Palbociclib,7644070.0,7647653.0,1185969.625,MCF10A-GM (MEP),0.0316,,Center 4
0.9085,Palbociclib,6742840.0,7647653.0,1185969.625,MCF10A-GM (MEP),0.1,,Center 4
0.88015,Palbociclib,6476870.0,7647653.0,1185969.625,MCF10A-GM (MEP),0.316,,Center 4
0.8261299999999999,Palbociclib,5988480.0,7647653.0,1185969.625,MCF10A-GM (MEP),1.0,,Center 4
0.77307,Palbociclib,5532000.0,7647653.0,1185969.625,MCF10A-GM (MEP),3.16,,Center 4
0.81493,Palbociclib,5890305.0,7647653.0,1185969.625,MCF10A-GM (MEP),10.0,,Center 4
0.95028,Trametinib,8170593.3333,8786986.667000001,1185969.625,MCF10A-GM (MEP),0.0001,,Center 4
0.90329,Trametinib,7614563.3333,8786986.667000001,1185969.625,MCF10A-GM (MEP),0.00031600000000000004,,Center 4
0.86636,Trametinib,7195466.6667,8786986.667000001,1185969.625,MCF10A-GM (MEP),0.001,,Center 4
0.61851,Trametinib,4767283.3333,8786986.667000001,1185969.625,MCF10A-GM (MEP),0.00316,,Center 4
0.49345,Trametinib,3778883.3333,8786986.667000001,1185969.625,MCF10A-GM (MEP),0.01,,Center 4
0.51132,Trametinib,3911036.6667,8786986.667000001,1185969.625,MCF10A-GM (MEP),0.0316,,Center 4
0.33156,Trametinib,2712606.6667,8786986.667000001,1185969.625,MCF10A-GM (MEP),0.1,,Center 4
0.28744000000000003,Trametinib,2460970.0,8786986.667000001,1185969.625,MCF10A-GM (MEP),0.316,,Center 4
0.27109,Trametinib,2371780.0,8786986.667000001,1185969.625,MCF10A-GM (MEP),1.0,,Center 4
0.94637,Vorinostat,7108640.0,7647653.0,1185969.625,MCF10A-GM (MEP),0.001,,Center 4
0.98272,Vorinostat,7471313.3333,7647653.0,1185969.625,MCF10A-GM (MEP),0.00316,,Center 4
0.98572,Vorinostat,7501720.0,7647653.0,1185969.625,MCF10A-GM (MEP),0.01,,Center 4
0.9718,Vorinostat,7361123.3333,7647653.0,1185969.625,MCF10A-GM (MEP),0.0316,,Center 4
1.0274,Vorinostat,7933003.3333,7647653.0,1185969.625,MCF10A-GM (MEP),0.1,,Center 4
0.96021,Vorinostat,7245353.3333,7647653.0,1185969.625,MCF10A-GM (MEP),0.316,,Center 4
0.80767,Vorinostat,5827100.0,7647653.0,1185969.625,MCF10A-GM (MEP),1.0,,Center 4
0.47974,Vorinostat,3401655.0,7647653.0,1185969.625,MCF10A-GM (MEP),3.16,,Center 4
0.19435,Vorinostat,1911965.0,7647653.0,1185969.625,MCF10A-GM (MEP),10.0,,Center 4
1.0226,Alpelisib,3644.125,3496.2946,271.7668,MCF10A-GM (Neuro),0.0066667,,Center 5
1.0261,Alpelisib,3667.5625,3496.2946,271.7668,MCF10A-GM (Neuro),0.02,,Center 5
0.97672,Alpelisib,3348.625,3496.2946,271.7668,MCF10A-GM (Neuro),0.063333,,Center 5
0.92039,Alpelisib,3010.1875,3496.2946,271.7668,MCF10A-GM (Neuro),0.2,,Center 5
0.87475,Alpelisib,2754.875,3496.2946,271.7668,MCF10A-GM (Neuro),0.63246,,Center 5
0.85031,Alpelisib,2624.8125,3496.2946,271.7668,MCF10A-GM (Neuro),1.1247,,Center 5
0.7498,Alpelisib,2136.5,3496.2946,271.7668,MCF10A-GM (Neuro),2.0,,Center 5
0.73455,Alpelisib,2068.6875,3496.2946,271.7668,MCF10A-GM (Neuro),3.5566,,Center 5
0.6178600000000001,Alpelisib,1600.375,3496.2946,271.7668,MCF10A-GM (Neuro),6.3246,,Center 5
0.47805,Alpelisib,1147.0,3496.2946,271.7668,MCF10A-GM (Neuro),11.2468,,Center 5
0.29356,Alpelisib,701.725,3496.2946,271.7668,MCF10A-GM (Neuro),20.0,,Center 5
1.0177,Dasatinib,3611.4375,3496.2946,271.7668,MCF10A-GM (Neuro),0.0021667,,Center 5
1.004,Dasatinib,3522.375,3496.2946,271.7668,MCF10A-GM (Neuro),0.0066667,,Center 5
0.95707,Dasatinib,3227.5625,3496.2946,271.7668,MCF10A-GM (Neuro),0.02,,Center 5
0.89181,Dasatinib,2848.375,3496.2946,271.7668,MCF10A-GM (Neuro),0.036667,,Center 5
0.81795,Dasatinib,2459.5625,3496.2946,271.7668,MCF10A-GM (Neuro),0.063333,,Center 5
0.67091,Dasatinib,1802.4375,3496.2946,271.7668,MCF10A-GM (Neuro),0.11333,,Center 5
0.44554,Dasatinib,1056.75,3496.2946,271.7668,MCF10A-GM (Neuro),0.2,,Center 5
0.28807,Dasatinib,690.8125,3496.2946,271.7668,MCF10A-GM (Neuro),0.35566,,Center 5
0.30232,Dasatinib,719.4167,3496.2946,271.7668,MCF10A-GM (Neuro),0.63246,,Center 5
0.21917,Dasatinib,564.125,3496.2946,271.7668,MCF10A-GM (Neuro),1.1247,,Center 5
0.13592,Dasatinib,434.6875,3496.2946,271.7668,MCF10A-GM (Neuro),2.0,,Center 5
0.064464,Dasatinib,342.125,3496.2946,271.7668,MCF10A-GM (Neuro),3.5566,,Center 5
-0.06145,Dasatinib,215.125,3496.2946,271.7668,MCF10A-GM (Neuro),6.3246,,Center 5
-0.065169,Dasatinib,212.0,3496.2946,271.7668,MCF10A-GM (Neuro),20.0,,Center 5
0.96079,Etoposide,3250.25,3496.2946,271.7668,MCF10A-GM (Neuro),0.0021667,,Center 5
1.0035,Etoposide,3518.9375,3496.2946,271.7668,MCF10A-GM (Neuro),0.0066667,,Center 5
0.96981,Etoposide,3305.6875,3496.2946,271.7668,MCF10A-GM (Neuro),0.02,,Center 5
0.95403,Etoposide,3209.125,3496.2946,271.7668,MCF10A-GM (Neuro),0.036667,,Center 5
0.91962,Etoposide,3005.75,3496.2946,271.7668,MCF10A-GM (Neuro),0.063333,,Center 5
0.8245,Etoposide,2492.375,3496.2946,271.7668,MCF10A-GM (Neuro),0.11333,,Center 5
0.7691600000000001,Etoposide,2224.9375,3496.2946,271.7668,MCF10A-GM (Neuro),0.2,,Center 5
0.64835,Etoposide,1714.375,3496.2946,271.7668,MCF10A-GM (Neuro),0.35566,,Center 5
0.5131899999999999,Etoposide,1250.75,3496.2946,271.7668,MCF10A-GM (Neuro),0.63246,,Center 5
0.42335,Etoposide,998.1875,3496.2946,271.7668,MCF10A-GM (Neuro),1.1247,,Center 5
0.41649,Etoposide,980.5625,3496.2946,271.7668,MCF10A-GM (Neuro),2.0,,Center 5
0.41401,Etoposide,974.25,3496.2946,271.7668,MCF10A-GM (Neuro),3.5566,,Center 5
0.40034,Etoposide,940.0,3496.2946,271.7668,MCF10A-GM (Neuro),6.3246,,Center 5
0.32504,Etoposide,766.75,3496.2946,271.7668,MCF10A-GM (Neuro),20.0,,Center 5
0.99645,Neratinib,3473.5,3496.2946,271.7668,MCF10A-GM (Neuro),0.0021667,,Center 5
1.0169,Neratinib,3606.6875,3496.2946,271.7668,MCF10A-GM (Neuro),0.0066667,,Center 5
1.0113,Neratinib,3569.375,3496.2946,271.7668,MCF10A-GM (Neuro),0.016666999999999998,,Center 5
0.96393,Neratinib,3269.5,3496.2946,271.7668,MCF10A-GM (Neuro),0.026667000000000003,,Center 5
0.97181,Neratinib,3318.0625,3496.2946,271.7668,MCF10A-GM (Neuro),0.05,,Center 5
0.94495,Neratinib,3154.5625,3496.2946,271.7668,MCF10A-GM (Neuro),0.09,,Center 5
0.8417399999999999,Neratinib,2580.25,3496.2946,271.7668,MCF10A-GM (Neuro),0.15811,,Center 5
0.7377199999999999,Neratinib,2082.625,3496.2946,271.7668,MCF10A-GM (Neuro),0.28117,,Center 5
0.6349899999999999,Neratinib,1663.7083,3496.2946,271.7668,MCF10A-GM (Neuro),0.5,,Center 5
0.34559,Neratinib,811.5,3496.2946,271.7668,MCF10A-GM (Neuro),0.8891399999999999,,Center 5
0.25439,Neratinib,626.5625,3496.2946,271.7668,MCF10A-GM (Neuro),1.5811,,Center 5
0.19092,Neratinib,517.4375,3496.2946,271.7668,MCF10A-GM (Neuro),2.8117,,Center 5
0.17608,Neratinib,494.0625,3496.2946,271.7668,MCF10A-GM (Neuro),5.0,,Center 5
0.11086,Neratinib,400.375,3496.2946,271.7668,MCF10A-GM (Neuro),15.8114,,Center 5
0.76285,Paclitaxel,2195.8125,3496.2946,271.7668,MCF10A-GM (Neuro),0.0021667,,Center 5
0.31224,Paclitaxel,739.8125,3496.2946,271.7668,MCF10A-GM (Neuro),0.0066667,,Center 5
0.19194,Paclitaxel,519.0625,3496.2946,271.7668,MCF10A-GM (Neuro),0.01,,Center 5
0.065571,Paclitaxel,343.4375,3496.2946,271.7668,MCF10A-GM (Neuro),0.016666999999999998,,Center 5
0.020327,Paclitaxel,292.6875,3496.2946,271.7668,MCF10A-GM (Neuro),0.026667000000000003,,Center 5
-0.04895,Paclitaxel,225.875,3496.2946,271.7668,MCF10A-GM (Neuro),0.05,,Center 5
-0.097118,Paclitaxel,186.5,3496.2946,271.7668,MCF10A-GM (Neuro),0.09,,Center 5
-0.059042,Paclitaxel,217.1667,3496.2946,271.7668,MCF10A-GM (Neuro),0.15811,,Center 5
-0.053839,Paclitaxel,221.625,3496.2946,271.7668,MCF10A-GM (Neuro),0.28117,,Center 5
-0.073494,Paclitaxel,205.125,3496.2946,271.7668,MCF10A-GM (Neuro),0.5,,Center 5
-0.031871,Paclitaxel,241.1875,3496.2946,271.7668,MCF10A-GM (Neuro),0.8891399999999999,,Center 5
-0.035497,Paclitaxel,237.875,3496.2946,271.7668,MCF10A-GM (Neuro),1.5811,,Center 5
0.034201,Paclitaxel,307.625,3496.2946,271.7668,MCF10A-GM (Neuro),5.0,,Center 5
0.05072,Paclitaxel,326.125,3496.2946,271.7668,MCF10A-GM (Neuro),15.8114,,Center 5
0.8935799999999999,Palbociclib,2858.1875,3496.2946,271.7668,MCF10A-GM (Neuro),0.0021667,,Center 5
0.90969,Palbociclib,2948.875,3496.2946,271.7668,MCF10A-GM (Neuro),0.0066667,,Center 5
0.92981,Palbociclib,3065.0,3496.2946,271.7668,MCF10A-GM (Neuro),0.02,,Center 5
0.85916,Palbociclib,2671.375,3496.2946,271.7668,MCF10A-GM (Neuro),0.063333,,Center 5
0.8016399999999999,Palbociclib,2379.1875,3496.2946,271.7668,MCF10A-GM (Neuro),0.11333,,Center 5
0.75953,Palbociclib,2180.625,3496.2946,271.7668,MCF10A-GM (Neuro),0.2,,Center 5
0.6191800000000001,Palbociclib,1605.1875,3496.2946,271.7668,MCF10A-GM (Neuro),0.35566,,Center 5
0.50998,Palbociclib,1241.0,3496.2946,271.7668,MCF10A-GM (Neuro),0.63246,,Center 5
0.48618,Palbociclib,1170.4375,3496.2946,271.7668,MCF10A-GM (Neuro),1.1247,,Center 5
0.45913,Palbociclib,1093.8333,3496.2946,271.7668,MCF10A-GM (Neuro),2.0,,Center 5
0.4698100000000001,Palbociclib,1123.625,3496.2946,271.7668,MCF10A-GM (Neuro),3.5566,,Center 5
0.47165,Palbociclib,1128.8125,3496.2946,271.7668,MCF10A-GM (Neuro),6.3246,,Center 5
0.45198,Palbociclib,1074.1875,3496.2946,271.7668,MCF10A-GM (Neuro),11.2468,,Center 5
0.45356,Palbociclib,1078.5,3496.2946,271.7668,MCF10A-GM (Neuro),20.0,,Center 5
0.90866,Trametinib,2942.9688,3496.2946,271.7668,MCF10A-GM (Neuro),0.0021667,,Center 5
0.76308,Trametinib,2196.875,3496.2946,271.7668,MCF10A-GM (Neuro),0.0033333,,Center 5
0.5233899999999999,Trametinib,1282.125,3496.2946,271.7668,MCF10A-GM (Neuro),0.0066667,,Center 5
0.42714,Trametinib,1008.0,3496.2946,271.7668,MCF10A-GM (Neuro),0.01,,Center 5
0.2653,Trametinib,646.875,3496.2946,271.7668,MCF10A-GM (Neuro),0.016666999999999998,,Center 5
0.19016,Trametinib,516.2083,3496.2946,271.7668,MCF10A-GM (Neuro),0.03,,Center 5
0.18229,Trametinib,503.75,3496.2946,271.7668,MCF10A-GM (Neuro),0.056667,,Center 5
0.16834000000000002,Trametinib,482.1875,3496.2946,271.7668,MCF10A-GM (Neuro),0.1,,Center 5
0.16188,Trametinib,472.4375,3496.2946,271.7668,MCF10A-GM (Neuro),0.17783,,Center 5
0.1512,Trametinib,456.625,3496.2946,271.7668,MCF10A-GM (Neuro),0.31623,,Center 5
0.16055,Trametinib,470.4375,3496.2946,271.7668,MCF10A-GM (Neuro),1.0,,Center 5
0.15069000000000002,Trametinib,455.875,3496.2946,271.7668,MCF10A-GM (Neuro),3.1623,,Center 5
0.18146,Trametinib,502.4375,3496.2946,271.7668,MCF10A-GM (Neuro),10.0,,Center 5
0.98044,Vorinostat,3371.9375,3496.2946,271.7668,MCF10A-GM (Neuro),0.0066667,,Center 5
1.0039,Vorinostat,3521.5,3496.2946,271.7668,MCF10A-GM (Neuro),0.02,,Center 5
0.99324,Vorinostat,3452.9375,3496.2946,271.7668,MCF10A-GM (Neuro),0.063333,,Center 5
0.91257,Vorinostat,2965.25,3496.2946,271.7668,MCF10A-GM (Neuro),0.2,,Center 5
0.7877,Vorinostat,2312.0625,3496.2946,271.7668,MCF10A-GM (Neuro),0.35566,,Center 5
0.6320399999999999,Vorinostat,1652.6875,3496.2946,271.7668,MCF10A-GM (Neuro),0.63246,,Center 5
0.46262,Vorinostat,1103.5,3496.2946,271.7668,MCF10A-GM (Neuro),1.1247,,Center 5
0.32752,Vorinostat,772.0625,3496.2946,271.7668,MCF10A-GM (Neuro),2.0,,Center 5
0.23509,Vorinostat,591.75,3496.2946,271.7668,MCF10A-GM (Neuro),3.5566,,Center 5
0.20874,Vorinostat,546.5417,3496.2946,271.7668,MCF10A-GM (Neuro),6.3246,,Center 5
0.16669,Vorinostat,479.6875,3496.2946,271.7668,MCF10A-GM (Neuro),11.2468,,Center 5
0.12033,Vorinostat,413.0938,3496.2946,271.7668,MCF10A-GM (Neuro),20.0,,Center 5
1.019,Alpelisib,4438.6875,4265.0893,228.5914,MCF10A-GM (Neuro),0.0066667,,Center 5
1.015,Alpelisib,4401.75,4265.0893,228.5914,MCF10A-GM (Neuro),0.02,,Center 5
0.97878,Alpelisib,4077.3125,4265.0893,228.5914,MCF10A-GM (Neuro),0.063333,,Center 5
0.95145,Alpelisib,3844.8125,4265.0893,228.5914,MCF10A-GM (Neuro),0.2,,Center 5
0.89154,Alpelisib,3370.5625,4265.0893,228.5914,MCF10A-GM (Neuro),0.63246,,Center 5
0.8338399999999999,Alpelisib,2957.3125,4265.0893,228.5914,MCF10A-GM (Neuro),1.1247,,Center 5
0.79624,Alpelisib,2709.6875,4265.0893,228.5914,MCF10A-GM (Neuro),2.0,,Center 5
0.69392,Alpelisib,2115.375,4265.0893,228.5914,MCF10A-GM (Neuro),3.5566,,Center 5
0.55496,Alpelisib,1473.8125,4265.0893,228.5914,MCF10A-GM (Neuro),6.3246,,Center 5
0.37075,Alpelisib,865.5,4265.0893,228.5914,MCF10A-GM (Neuro),11.2468,,Center 5
0.12968,Alpelisib,382.5,4265.0893,228.5914,MCF10A-GM (Neuro),20.0,,Center 5
1.0087,Dasatinib,4344.0,4265.0893,228.5914,MCF10A-GM (Neuro),0.0021667,,Center 5
0.97675,Dasatinib,4059.6875,4265.0893,228.5914,MCF10A-GM (Neuro),0.0066667,,Center 5
0.90938,Dasatinib,3506.8125,4265.0893,228.5914,MCF10A-GM (Neuro),0.02,,Center 5
0.86513,Dasatinib,3176.3125,4265.0893,228.5914,MCF10A-GM (Neuro),0.036667,,Center 5
0.74717,Dasatinib,2410.625,4265.0893,228.5914,MCF10A-GM (Neuro),0.063333,,Center 5
0.44196,Dasatinib,1071.8125,4265.0893,228.5914,MCF10A-GM (Neuro),0.11333,,Center 5
0.11449,Dasatinib,361.25,4265.0893,228.5914,MCF10A-GM (Neuro),0.2,,Center 5
-0.044575,Dasatinib,188.5625,4265.0893,228.5914,MCF10A-GM (Neuro),0.35566,,Center 5
-0.091602,Dasatinib,152.375,4265.0893,228.5914,MCF10A-GM (Neuro),0.63246,,Center 5
-0.076563,Dasatinib,163.3125,4265.0893,228.5914,MCF10A-GM (Neuro),1.1247,,Center 5
-0.10702,Dasatinib,141.75,4265.0893,228.5914,MCF10A-GM (Neuro),2.0,,Center 5
-0.05871000000000001,Dasatinib,177.0625,4265.0893,228.5914,MCF10A-GM (Neuro),3.5566,,Center 5
-0.07689800000000001,Dasatinib,163.0625,4265.0893,228.5914,MCF10A-GM (Neuro),6.3246,,Center 5
-0.055346000000000006,Dasatinib,179.75,4265.0893,228.5914,MCF10A-GM (Neuro),20.0,,Center 5
1.0072,Etoposide,4330.625,4265.0893,228.5914,MCF10A-GM (Neuro),0.0021667,,Center 5
0.97685,Etoposide,4060.5,4265.0893,228.5914,MCF10A-GM (Neuro),0.0066667,,Center 5
0.99276,Etoposide,4200.25,4265.0893,228.5914,MCF10A-GM (Neuro),0.02,,Center 5
0.97464,Etoposide,4041.375,4265.0893,228.5914,MCF10A-GM (Neuro),0.036667,,Center 5
0.92087,Etoposide,3596.75,4265.0893,228.5914,MCF10A-GM (Neuro),0.063333,,Center 5
0.8642799999999999,Etoposide,3170.1875,4265.0893,228.5914,MCF10A-GM (Neuro),0.11333,,Center 5
0.7166399999999999,Etoposide,2237.75,4265.0893,228.5914,MCF10A-GM (Neuro),0.2,,Center 5
0.657,Etoposide,1927.4375,4265.0893,228.5914,MCF10A-GM (Neuro),0.35566,,Center 5
0.4402,Etoposide,1066.2917,4265.0893,228.5914,MCF10A-GM (Neuro),0.63246,,Center 5
0.34651,Etoposide,802.6875,4265.0893,228.5914,MCF10A-GM (Neuro),1.1247,,Center 5
0.33377,Etoposide,771.125,4265.0893,228.5914,MCF10A-GM (Neuro),2.0,,Center 5
0.34389000000000003,Etoposide,796.125,4265.0893,228.5914,MCF10A-GM (Neuro),3.5566,,Center 5
0.32898,Etoposide,759.5,4265.0893,228.5914,MCF10A-GM (Neuro),6.3246,,Center 5
0.35584,Etoposide,826.4375,4265.0893,228.5914,MCF10A-GM (Neuro),20.0,,Center 5
1.0087,Neratinib,4344.0625,4265.0893,228.5914,MCF10A-GM (Neuro),0.0021667,,Center 5
1.0003,Neratinib,4267.75,4265.0893,228.5914,MCF10A-GM (Neuro),0.0066667,,Center 5
0.99592,Neratinib,4228.4375,4265.0893,228.5914,MCF10A-GM (Neuro),0.016666999999999998,,Center 5
0.98581,Neratinib,4138.8125,4265.0893,228.5914,MCF10A-GM (Neuro),0.026667000000000003,,Center 5
1.0107,Neratinib,4362.6875,4265.0893,228.5914,MCF10A-GM (Neuro),0.05,,Center 5
1.008,Neratinib,4337.5625,4265.0893,228.5914,MCF10A-GM (Neuro),0.09,,Center 5
1.012,Neratinib,4374.125,4265.0893,228.5914,MCF10A-GM (Neuro),0.15811,,Center 5
0.9715,Neratinib,4014.3125,4265.0893,228.5914,MCF10A-GM (Neuro),0.28117,,Center 5
0.96598,Neratinib,3967.125,4265.0893,228.5914,MCF10A-GM (Neuro),0.5,,Center 5
0.5050600000000001,Neratinib,1284.25,4265.0893,228.5914,MCF10A-GM (Neuro),0.8891399999999999,,Center 5
0.34698,Neratinib,803.875,4265.0893,228.5914,MCF10A-GM (Neuro),1.5811,,Center 5
0.19946,Neratinib,492.625,4265.0893,228.5914,MCF10A-GM (Neuro),2.8117,,Center 5
0.087518,Neratinib,325.75,4265.0893,228.5914,MCF10A-GM (Neuro),5.0,,Center 5
-0.002501,Neratinib,226.1875,4265.0893,228.5914,MCF10A-GM (Neuro),15.8114,,Center 5
0.7648699999999999,Paclitaxel,2515.4375,4265.0893,228.5914,MCF10A-GM (Neuro),0.0021667,,Center 5
0.24334,Paclitaxel,573.3125,4265.0893,228.5914,MCF10A-GM (Neuro),0.0066667,,Center 5
0.14620999999999998,Paclitaxel,406.6875,4265.0893,228.5914,MCF10A-GM (Neuro),0.01,,Center 5
-0.001133,Paclitaxel,227.5,4265.0893,228.5914,MCF10A-GM (Neuro),0.016666999999999998,,Center 5
-0.087049,Paclitaxel,155.625,4265.0893,228.5914,MCF10A-GM (Neuro),0.026667000000000003,,Center 5
-0.10424,Paclitaxel,143.625,4265.0893,228.5914,MCF10A-GM (Neuro),0.05,,Center 5
-0.11854,Paclitaxel,134.1875,4265.0893,228.5914,MCF10A-GM (Neuro),0.09,,Center 5
-0.096109,Paclitaxel,149.2083,4265.0893,228.5914,MCF10A-GM (Neuro),0.15811,,Center 5
-0.1122,Paclitaxel,138.3125,4265.0893,228.5914,MCF10A-GM (Neuro),0.28117,,Center 5
-0.1024,Paclitaxel,144.875,4265.0893,228.5914,MCF10A-GM (Neuro),0.5,,Center 5
-0.10563,Paclitaxel,142.6875,4265.0893,228.5914,MCF10A-GM (Neuro),0.8891399999999999,,Center 5
-0.084714,Paclitaxel,157.3125,4265.0893,228.5914,MCF10A-GM (Neuro),1.5811,,Center 5
-0.05816,Paclitaxel,177.5,4265.0893,228.5914,MCF10A-GM (Neuro),5.0,,Center 5
0.027305,Paclitaxel,256.125,4265.0893,228.5914,MCF10A-GM (Neuro),15.8114,,Center 5
0.98595,Palbociclib,4140.0625,4265.0893,228.5914,MCF10A-GM (Neuro),0.0021667,,Center 5
0.98389,Palbociclib,4121.9375,4265.0893,228.5914,MCF10A-GM (Neuro),0.0066667,,Center 5
0.98765,Palbociclib,4155.0,4265.0893,228.5914,MCF10A-GM (Neuro),0.02,,Center 5
0.95037,Palbociclib,3835.8125,4265.0893,228.5914,MCF10A-GM (Neuro),0.063333,,Center 5
0.95529,Palbociclib,3876.8125,4265.0893,228.5914,MCF10A-GM (Neuro),0.11333,,Center 5
0.92677,Palbociclib,3643.625,4265.0893,228.5914,MCF10A-GM (Neuro),0.2,,Center 5
0.91563,Palbociclib,3555.5625,4265.0893,228.5914,MCF10A-GM (Neuro),0.35566,,Center 5
0.46099,Palbociclib,1132.8125,4265.0893,228.5914,MCF10A-GM (Neuro),0.63246,,Center 5
0.44074,Palbociclib,1068.0,4265.0893,228.5914,MCF10A-GM (Neuro),1.1247,,Center 5
0.3842,Palbociclib,901.9167,4265.0893,228.5914,MCF10A-GM (Neuro),2.0,,Center 5
0.3496,Palbociclib,810.5,4265.0893,228.5914,MCF10A-GM (Neuro),3.5566,,Center 5
0.34945,Palbociclib,810.125,4265.0893,228.5914,MCF10A-GM (Neuro),6.3246,,Center 5
0.3472,Palbociclib,804.4375,4265.0893,228.5914,MCF10A-GM (Neuro),11.2468,,Center 5
0.31475,Palbociclib,725.75,4265.0893,228.5914,MCF10A-GM (Neuro),20.0,,Center 5
0.9002600000000001,Trametinib,3436.6562,4265.0893,228.5914,MCF10A-GM (Neuro),0.0021667,,Center 5
0.6099399999999999,Trametinib,1706.6875,4265.0893,228.5914,MCF10A-GM (Neuro),0.0033333,,Center 5
0.35297,Trametinib,819.0625,4265.0893,228.5914,MCF10A-GM (Neuro),0.0066667,,Center 5
0.31937,Trametinib,736.5625,4265.0893,228.5914,MCF10A-GM (Neuro),0.01,,Center 5
0.16716,Trametinib,439.0,4265.0893,228.5914,MCF10A-GM (Neuro),0.016666999999999998,,Center 5
0.11755,Trametinib,365.4583,4265.0893,228.5914,MCF10A-GM (Neuro),0.03,,Center 5
0.066879,Trametinib,300.4375,4265.0893,228.5914,MCF10A-GM (Neuro),0.056667,,Center 5
0.076414,Trametinib,311.9375,4265.0893,228.5914,MCF10A-GM (Neuro),0.1,,Center 5
0.055866999999999986,Trametinib,287.5625,4265.0893,228.5914,MCF10A-GM (Neuro),0.17783,,Center 5
0.049777,Trametinib,280.625,4265.0893,228.5914,MCF10A-GM (Neuro),0.31623,,Center 5
0.043684,Trametinib,273.8125,4265.0893,228.5914,MCF10A-GM (Neuro),1.0,,Center 5
0.062166,Trametinib,294.875,4265.0893,228.5914,MCF10A-GM (Neuro),3.1623,,Center 5
0.027661,Trametinib,256.5,4265.0893,228.5914,MCF10A-GM (Neuro),10.0,,Center 5
0.99861,Vorinostat,4252.625,4265.0893,228.5914,MCF10A-GM (Neuro),0.0066667,,Center 5
1.0018,Vorinostat,4281.6875,4265.0893,228.5914,MCF10A-GM (Neuro),0.02,,Center 5
0.8625,Vorinostat,3157.4375,4265.0893,228.5914,MCF10A-GM (Neuro),0.063333,,Center 5
0.57381,Vorinostat,1550.75,4265.0893,228.5914,MCF10A-GM (Neuro),0.2,,Center 5
0.37078,Vorinostat,865.5625,4265.0893,228.5914,MCF10A-GM (Neuro),0.35566,,Center 5
0.26594,Vorinostat,618.625,4265.0893,228.5914,MCF10A-GM (Neuro),0.63246,,Center 5
0.17901,Vorinostat,458.125,4265.0893,228.5914,MCF10A-GM (Neuro),1.1247,,Center 5
0.12231,Vorinostat,372.0625,4265.0893,228.5914,MCF10A-GM (Neuro),2.0,,Center 5
0.055269000000000006,Vorinostat,286.875,4265.0893,228.5914,MCF10A-GM (Neuro),3.5566,,Center 5
-0.10921,Vorinostat,140.2917,4265.0893,228.5914,MCF10A-GM (Neuro),6.3246,,Center 5
-0.32869,Vorinostat,42.5,4265.0893,228.5914,MCF10A-GM (Neuro),11.2468,,Center 5
-0.27913000000000004,Vorinostat,57.4062,4265.0893,228.5914,MCF10A-GM (Neuro),20.0,,Center 5
0.9999022786537328,Alpelisib,19541.07407407408,19545.12037037038,1036.2611111111114,MCF10A,0.003326667,72.0,
0.9960752052638662,Alpelisib,19383.11111111111,19545.12037037038,1036.2611111111114,MCF10A,0.00998,72.0,
0.9882587584671014,Alpelisib,19063.51851851852,19545.12037037038,1036.2611111111114,MCF10A,0.033266667,72.0,
0.9672543033497558,Alpelisib,18224.62962962963,19545.12037037038,1036.2611111111114,MCF10A,0.099799999,72.0,
0.9130871161411293,Alpelisib,16191.148148148148,19545.12037037038,1036.2611111111114,MCF10A,0.316033316,72.0,
0.8369630555883654,Alpelisib,13631.851851851852,19545.12037037038,1036.2611111111114,MCF10A,0.997999808,72.0,
0.7529898086781508,Alpelisib,11180.148148148148,19545.12037037038,1036.2611111111114,MCF10A,3.193598006,72.0,
0.5771380154178836,Alpelisib,7143.518518518518,19545.12037037038,1036.2611111111114,MCF10A,9.98,72.0,
0.9768575538613892,Dasatinib,18604.59259259259,19545.12037037038,1036.2611111111114,MCF10A,0.003326667,72.0,
0.9652649734512492,Dasatinib,18146.666666666668,19545.12037037038,1036.2611111111114,MCF10A,0.00998,72.0,
0.9203011905229741,Dasatinib,16451.44444444444,19545.12037037038,1036.2611111111114,MCF10A,0.033266667,72.0,
0.7723563951751735,Dasatinib,11712.962962962964,19545.12037037038,1036.2611111111114,MCF10A,0.099799999,72.0,
0.5616625478957895,Dasatinib,6851.185185185185,19545.12037037038,1036.2611111111114,MCF10A,0.316033316,72.0,
0.4517255876973936,Dasatinib,5028.407407407408,19545.12037037038,1036.2611111111114,MCF10A,0.997999808,72.0,
0.18354849819326247,Dasatinib,2116.333333333333,19545.12037037038,1036.2611111111114,MCF10A,3.193598006,72.0,
-0.03241349904218172,Dasatinib,901.2222222222224,19545.12037037038,1036.2611111111114,MCF10A,9.98,72.0,
0.9994978117825942,Etoposide,19524.33333333333,19545.12037037038,1036.2611111111114,MCF10A,0.003326667,72.0,
0.979122278426726,Etoposide,18695.07407407408,19545.12037037038,1036.2611111111114,MCF10A,0.00998,72.0,
0.938480068107562,Etoposide,17121.55555555556,19545.12037037038,1036.2611111111114,MCF10A,0.033266667,72.0,
0.7915786757509797,Etoposide,12260.777777777776,19545.12037037038,1036.2611111111114,MCF10A,0.099799999,72.0,
0.51752782737579,Etoposide,6067.481481481482,19545.12037037038,1036.2611111111114,MCF10A,0.316033316,72.0,
0.116310897885761,Etoposide,1651.7777777777774,19545.12037037038,1036.2611111111114,MCF10A,0.997999808,72.0,
0.030976751486156306,Etoposide,1179.2592592592596,19545.12037037038,1036.2611111111114,MCF10A,3.193598006,72.0,
0.030096757947507106,Etoposide,1175.0,19545.12037037038,1036.2611111111114,MCF10A,9.98,72.0,
1.0023244273473773,Neratinib,19641.55555555556,19545.12037037038,1036.2611111111114,MCF10A,0.001081167,72.0,
0.996137309701669,Neratinib,19385.666666666668,19545.12037037038,1036.2611111111114,MCF10A,0.003326667,72.0,
1.0028908737419666,Neratinib,19665.11111111111,19545.12037037038,1036.2611111111114,MCF10A,0.00998,72.0,
0.9651968144637256,Neratinib,18144.0,19545.12037037038,1036.2611111111114,MCF10A,0.031603333,72.0,
0.8864585307265259,Neratinib,15257.481481481482,19545.12037037038,1036.2611111111114,MCF10A,0.099799997,72.0,
0.5721589806955991,Neratinib,7048.444444444444,19545.12037037038,1036.2611111111114,MCF10A,0.299399965,72.0,
0.3211412684476556,Neratinib,3372.666666666666,19545.12037037038,1036.2611111111114,MCF10A,0.997999609,72.0,
0.17062751006929974,Neratinib,2020.1481481481478,19545.12037037038,1036.2611111111114,MCF10A,3.160329364,72.0,
1.0031685635976206,Paclitaxel,19676.666666666668,19545.12037037038,1036.2611111111114,MCF10A,0.000332667,72.0,
0.9787835209795313,Paclitaxel,18681.51851851852,19545.12037037038,1036.2611111111114,MCF10A,0.000998,72.0,
0.5609826809623389,Paclitaxel,6838.555555555556,19545.12037037038,1036.2611111111114,MCF10A,0.002994,72.0,
0.10453339482958146,Paclitaxel,1579.1851851851852,19545.12037037038,1036.2611111111114,MCF10A,0.00998,72.0,
-0.09107699627271326,Paclitaxel,691.4074074074074,19545.12037037038,1036.2611111111114,MCF10A,0.031603332000000005,72.0,
-0.16143190960990528,Paclitaxel,491.4444444444445,19545.12037037038,1036.2611111111114,MCF10A,0.099799981,72.0,
-0.1638443384684114,Paclitaxel,485.48148148148147,19545.12037037038,1036.2611111111114,MCF10A,0.312706472,72.0,
0.9902655900913588,Palbociclib,19145.185185185182,19545.12037037038,1036.2611111111114,MCF10A,0.001081167,72.0,
0.9865114418578016,Palbociclib,18992.62962962963,19545.12037037038,1036.2611111111114,MCF10A,0.003326667,72.0,
0.9666784930966236,Palbociclib,18202.03703703704,19545.12037037038,1036.2611111111114,MCF10A,0.00998,72.0,
0.9136373206393732,Palbociclib,16210.888888888889,19545.12037037038,1036.2611111111114,MCF10A,0.031603333,72.0,
0.8583523968009208,Palbociclib,14317.222222222224,19545.12037037038,1036.2611111111114,MCF10A,0.099799997,72.0,
0.6546329474273744,Palbociclib,8753.555555555555,19545.12037037038,1036.2611111111114,MCF10A,0.332666627,72.0,
0.5462545795360163,Palbociclib,6569.296296296297,19545.12037037038,1036.2611111111114,MCF10A,0.997999609,72.0,
0.27398110267305503,Palbociclib,2891.222222222222,19545.12037037038,1036.2611111111114,MCF10A,10.01326667,72.0,
0.4252051529528396,Palbociclib,4650.518518518518,19545.12037037038,1036.2611111111114,MCF10A,3.160329361,72.0,
0.9555703974474059,Trametinib,17770.37037037037,19545.12037037038,1036.2611111111114,MCF10A,0.000332667,72.0,
0.8435070097546176,Trametinib,13838.814814814818,19545.12037037038,1036.2611111111114,MCF10A,0.000998,72.0,
0.6262623926078601,Trametinib,8135.0,19545.12037037038,1036.2611111111114,MCF10A,0.003326667,72.0,
0.3309519248281469,Trametinib,3480.074074074074,19545.12037037038,1036.2611111111114,MCF10A,0.00998,72.0,
0.2187550503069997,Trametinib,2396.222222222222,19545.12037037038,1036.2611111111114,MCF10A,0.031603332000000005,72.0,
0.2130392124646303,Trametinib,2348.962962962963,19545.12037037038,1036.2611111111114,MCF10A,0.099799981,72.0,
0.19941940994299734,Trametinib,2239.222222222222,19545.12037037038,1036.2611111111114,MCF10A,0.319359801,72.0,
0.20219933482824606,Trametinib,2261.296296296296,19545.12037037038,1036.2611111111114,MCF10A,0.998,72.0,
0.9946477801636792,Vorinostat,19324.44444444444,19545.120370370376,1036.2611111111114,MCF10A,0.003326667,72.0,
0.9906616310196484,Vorinostat,19161.33333333333,19545.120370370376,1036.2611111111114,MCF10A,0.00998,72.0,
0.9906847860697224,Vorinostat,19162.277777777777,19545.120370370376,1036.2611111111114,MCF10A,0.033266667,72.0,
0.981485114799346,Vorinostat,18789.83333333333,19545.120370370376,1036.2611111111114,MCF10A,0.099799999,72.0,
0.9232977438479442,Vorinostat,16560.5,19545.120370370376,1036.2611111111114,MCF10A,0.316033316,72.0,
0.7619995016031187,Vorinostat,11425.666666666664,19545.120370370376,1036.2611111111114,MCF10A,0.997999808,72.0,
0.3456237855953759,Vorinostat,3645.555555555556,19545.120370370376,1036.2611111111114,MCF10A,3.193598006,72.0,
0.10643244885412106,Vorinostat,1590.7222222222226,19545.120370370376,1036.2611111111114,MCF10A,9.98,72.0,
0.9942719575983264,Alpelisib,15478.629629629631,15668.363425925912,824.7180555555557,MCF10A,0.003326667,72.0,
0.9887380632839378,Alpelisib,15297.0,15668.363425925912,824.7180555555557,MCF10A,0.00998,72.0,
0.9714480148360154,Alpelisib,14740.0,15668.363425925912,824.7180555555557,MCF10A,0.033266667,72.0,
0.952637647352618,Alpelisib,14151.777777777776,15668.363425925912,824.7180555555557,MCF10A,0.099799999,72.0,
0.8971714103979713,Alpelisib,12521.296296296296,15668.363425925912,824.7180555555557,MCF10A,0.316033316,72.0,
0.8155358381100692,Alpelisib,10387.444444444445,15668.363425925912,824.7180555555557,MCF10A,0.997999808,72.0,
0.7037533695215841,Alpelisib,7930.074074074074,15668.363425925912,824.7180555555557,MCF10A,3.193598006,72.0,
0.4954847172124983,Alpelisib,4557.703703703704,15668.363425925912,824.7180555555557,MCF10A,9.98,72.0,
0.9537170123934192,Dasatinib,14185.037037037036,15668.363425925912,824.7180555555557,MCF10A,0.003326667,72.0,
0.9422147071336792,Dasatinib,13833.666666666664,15668.363425925912,824.7180555555557,MCF10A,0.00998,72.0,
0.9174811216361354,Dasatinib,13100.666666666664,15668.363425925912,824.7180555555557,MCF10A,0.033266667,72.0,
0.7617892755822359,Dasatinib,9142.62962962963,15668.363425925912,824.7180555555557,MCF10A,0.099799999,72.0,
0.4382094945144848,Dasatinib,3861.037037037037,15668.363425925912,824.7180555555557,MCF10A,0.316033316,72.0,
0.29988197242633463,Dasatinib,2512.740740740741,15668.363425925912,824.7180555555557,MCF10A,0.997999808,72.0,
0.10793675803623316,Dasatinib,1274.6666666666667,15668.363425925912,824.7180555555557,MCF10A,3.193598006,72.0,
-0.1318208521626174,Dasatinib,452.4074074074074,15668.363425925912,824.7180555555557,MCF10A,9.98,72.0,
0.9829843713245452,Etoposide,15109.888888888889,15668.363425925912,824.7180555555557,MCF10A,0.003326667,72.0,
0.9782482020047284,Etoposide,14957.185185185182,15668.363425925912,824.7180555555557,MCF10A,0.00998,72.0,
0.9312628425266054,Etoposide,13505.333333333336,15668.363425925912,824.7180555555557,MCF10A,0.033266667,72.0,
0.7746768472541155,Etoposide,9430.111111111111,15668.363425925912,824.7180555555557,MCF10A,0.099799999,72.0,
0.4847080485867292,Etoposide,4419.814814814815,15668.363425925912,824.7180555555557,MCF10A,0.316033316,72.0,
0.10637197947011234,Etoposide,1267.037037037037,15668.363425925912,824.7180555555557,MCF10A,0.997999808,72.0,
0.030456901230003774,Etoposide,936.8148148148148,15668.363425925912,824.7180555555557,MCF10A,3.193598006,72.0,
0.03600905480044081,Etoposide,958.4444444444445,15668.363425925912,824.7180555555557,MCF10A,9.98,72.0,
0.9980271206187286,Neratinib,15602.814814814818,15668.363425925912,824.7180555555557,MCF10A,0.001081167,72.0,
0.996089127298555,Neratinib,15538.629629629631,15668.363425925912,824.7180555555557,MCF10A,0.003326667,72.0,
0.9937887181179694,Neratinib,15462.703703703704,15668.363425925912,824.7180555555557,MCF10A,0.00998,72.0,
0.9604142134877324,Neratinib,14392.740740740739,15668.363425925912,824.7180555555557,MCF10A,0.031603333,72.0,
0.867351507781355,Neratinib,11706.37037037037,15668.363425925912,824.7180555555557,MCF10A,0.099799997,72.0,
0.5523468669128782,Neratinib,5340.592592592592,15668.363425925912,824.7180555555557,MCF10A,0.299399965,72.0,
0.29290679542509723,Neratinib,2455.962962962963,15668.363425925912,824.7180555555557,MCF10A,0.997999609,72.0,
0.13426861623722375,Neratinib,1408.4074074074076,15668.363425925912,824.7180555555557,MCF10A,3.160329364,72.0,
1.0022420665484133,Paclitaxel,15743.111111111111,15668.363425925912,824.7180555555557,MCF10A,0.000332667,72.0,
0.9516503401595252,Paclitaxel,14121.407407407407,15668.363425925912,824.7180555555557,MCF10A,0.000998,72.0,
0.5461893458040303,Paclitaxel,5251.185185185185,15668.363425925912,824.7180555555557,MCF10A,0.002994,72.0,
0.07089405219670962,Paclitaxel,1103.2222222222224,15668.363425925912,824.7180555555557,MCF10A,0.00998,72.0,
-0.16947511299252271,Paclitaxel,374.7407407407408,15668.363425925912,824.7180555555557,MCF10A,0.031603332000000005,72.0,
-0.22428159905041734,Paclitaxel,280.4074074074074,15668.363425925912,824.7180555555557,MCF10A,0.099799981,72.0,
-0.2277804886089388,Paclitaxel,275.0740740740741,15668.363425925912,824.7180555555557,MCF10A,0.312706472,72.0,
0.9431009397059872,Palbociclib,13860.5,15668.363425925923,824.7180555555552,MCF10A,0.001081167,72.0,
0.9354839410607084,Palbociclib,13631.166666666664,15668.363425925923,824.7180555555552,MCF10A,0.003326667,72.0,
0.9101345697262244,Palbociclib,12888.777777777776,15668.363425925923,824.7180555555552,MCF10A,0.00998,72.0,
0.8587426975980363,Palbociclib,11478.833333333336,15668.363425925923,824.7180555555552,MCF10A,0.031603333,72.0,
0.7883952307648723,Palbociclib,9743.666666666666,15668.363425925923,824.7180555555552,MCF10A,0.099799997,72.0,
0.5659750337034057,Palbociclib,5542.6111111111095,15668.363425925923,824.7180555555552,MCF10A,0.332666627,72.0,
0.4458471496268719,Palbociclib,3948.888888888889,15668.363425925923,824.7180555555552,MCF10A,0.997999609,72.0,
0.12284088680042915,Palbociclib,1349.111111111111,15668.363425925923,824.7180555555552,MCF10A,10.01326667,72.0,
0.2676891695011525,Palbociclib,2258.833333333333,15668.363425925923,824.7180555555552,MCF10A,3.160329361,72.0,
0.9339449529744899,Trametinib,13585.185185185182,15668.363425925912,824.7180555555557,MCF10A,0.000332667,72.0,
0.8042317997113451,Trametinib,10115.481481481482,15668.363425925912,824.7180555555557,MCF10A,0.000998,72.0,
0.5487446444078474,Trametinib,5288.148148148148,15668.363425925912,824.7180555555557,MCF10A,0.003326667,72.0,
0.2538650676472294,Trametinib,2156.037037037037,15668.363425925912,824.7180555555557,MCF10A,0.00998,72.0,
0.15009202425584545,Trametinib,1493.7777777777774,15668.363425925912,824.7180555555557,MCF10A,0.031603332000000005,72.0,
0.1473086288312846,Trametinib,1478.4814814814815,15668.363425925912,824.7180555555557,MCF10A,0.099799981,72.0,
0.13251575261556206,Trametinib,1399.1851851851852,15668.363425925912,824.7180555555557,MCF10A,0.319359801,72.0,
0.13026426478747566,Trametinib,1387.4074074074076,15668.363425925912,824.7180555555557,MCF10A,0.998,72.0,
1.000808795549654,Vorinostat,15695.296296296296,15668.363425925912,824.7180555555557,MCF10A,0.003326667,72.0,
0.997344543451159,Vorinostat,15580.185185185182,15668.363425925912,824.7180555555557,MCF10A,0.00998,72.0,
0.9846995127488198,Vorinostat,15165.481481481482,15668.363425925912,824.7180555555557,MCF10A,0.033266667,72.0,
0.9486786448340718,Vorinostat,14030.296296296296,15668.363425925912,824.7180555555557,MCF10A,0.099799999,72.0,
0.8423979404297564,Vorinostat,11056.148148148148,15668.363425925912,824.7180555555557,MCF10A,0.316033316,72.0,
0.6150351229665778,Vorinostat,6318.629629629631,15668.363425925912,824.7180555555557,MCF10A,0.997999808,72.0,
0.2165567646339448,Vorinostat,1896.407407407408,15668.363425925912,824.7180555555557,MCF10A,3.193598006,72.0,
0.039048150312740885,Vorinostat,970.4444444444445,15668.363425925912,824.7180555555557,MCF10A,9.98,72.0,
